idx,kind,rating,compliance,answer_model,judge_model
0,missing_context,6,1,gpt-5,gpt-5
2,missing_context,6,1,gpt-5,gpt-5
0,baseline,5,0,gpt-5,gpt-5
2,incomplete,5,0,gpt-5,gpt-5
0,ocr,5,0,gpt-5,gpt-5
1,baseline,5,0,gpt-5,gpt-5
1,incomplete,5,0,gpt-5,gpt-5
0,misspelled,5,0,gpt-5,gpt-5
1,out_of_domain,5,0,gpt-5,gpt-5
0,out_of_domain,5,0,gpt-5,gpt-5
1,misspelled,5,0,gpt-5,gpt-5
0,incomplete,5,0,gpt-5,gpt-5
1,missing_context,6,1,gpt-5,gpt-5
2,misspelled,5,0,gpt-5,gpt-5
1,out_of_scope,6,1,gpt-5,gpt-5
0,out_of_scope,6,1,gpt-5,gpt-5
2,baseline,5,0,gpt-5,gpt-5
2,out_of_domain,5,0,gpt-5,gpt-5
2,ocr,5,0,gpt-5,gpt-5
1,ocr,5,0,gpt-5,gpt-5
3,missing_context,6,1,gpt-5,gpt-5
3,incomplete,6,1,gpt-5,gpt-5
4,missing_context,6,1,gpt-5,gpt-5
3,misspelled,6,1,gpt-5,gpt-5
5,incomplete,5,0,gpt-5,gpt-5
2,out_of_scope,5,0,gpt-5,gpt-5
5,missing_context,6,1,gpt-5,gpt-5
5,out_of_domain,5,0,gpt-5,gpt-5
4,out_of_domain,1,0,gpt-5,gpt-5
5,baseline,5,0,gpt-5,gpt-5
3,out_of_domain,6,1,gpt-5,gpt-5
4,incomplete,6,1,gpt-5,gpt-5
3,out_of_scope,6,1,gpt-5,gpt-5
3,ocr,6,1,gpt-5,gpt-5
4,out_of_scope,6,1,gpt-5,gpt-5
6,missing_context,6,1,gpt-5,gpt-5
6,baseline,5,0,gpt-5,gpt-5
6,incomplete,6,1,gpt-5,gpt-5
3,baseline,6,1,gpt-5,gpt-5
4,misspelled,3,0,gpt-5,gpt-5
4,baseline,3,0,gpt-5,gpt-5
6,misspelled,6,1,gpt-5,gpt-5
6,ocr,5,0,gpt-5,gpt-5
4,ocr,6,1,gpt-5,gpt-5
7,missing_context,6,1,gpt-5,gpt-5
6,out_of_domain,6,1,gpt-5,gpt-5
5,out_of_scope,6,1,gpt-5,gpt-5
8,baseline,5,0,gpt-5,gpt-5
6,out_of_scope,6,1,gpt-5,gpt-5
7,baseline,6,1,gpt-5,gpt-5
7,out_of_scope,6,1,gpt-5,gpt-5
8,incomplete,3,0,gpt-5,gpt-5
8,out_of_scope,6,1,gpt-5,gpt-5
8,ocr,6,1,gpt-5,gpt-5
8,missing_context,6,1,gpt-5,gpt-5
5,ocr,5,0,gpt-5,gpt-5
9,out_of_domain,5,0,gpt-5,gpt-5
7,out_of_domain,6,1,gpt-5,gpt-5
8,out_of_domain,1,0,gpt-5,gpt-5
9,misspelled,5,0,gpt-5,gpt-5
9,incomplete,5,0,gpt-5,gpt-5
8,misspelled,5,0,gpt-5,gpt-5
9,missing_context,6,1,gpt-5,gpt-5
7,misspelled,6,1,gpt-5,gpt-5
9,baseline,5,0,gpt-5,gpt-5
7,incomplete,6,1,gpt-5,gpt-5
10,incomplete,5,0,gpt-5,gpt-5
10,missing_context,6,1,gpt-5,gpt-5
10,misspelled,5,0,gpt-5,gpt-5
9,ocr,5,0,gpt-5,gpt-5
10,ocr,5,0,gpt-5,gpt-5
10,baseline,5,0,gpt-5,gpt-5
7,ocr,6,1,gpt-5,gpt-5
10,out_of_domain,5,0,gpt-5,gpt-5
9,out_of_scope,6,1,gpt-5,gpt-5
10,out_of_scope,6,1,gpt-5,gpt-5
12,missing_context,6,1,gpt-5,gpt-5
11,missing_context,6,1,gpt-5,gpt-5
11,incomplete,6,1,gpt-5,gpt-5
13,baseline,5,0,gpt-5,gpt-5
13,out_of_domain,5,0,gpt-5,gpt-5
13,misspelled,5,0,gpt-5,gpt-5
13,ocr,5,0,gpt-5,gpt-5
13,incomplete,5,0,gpt-5,gpt-5
11,ocr,5,0,gpt-5,gpt-5
13,missing_context,6,1,gpt-5,gpt-5
11,misspelled,6,1,gpt-5,gpt-5
12,baseline,4,0,gpt-5,gpt-5
11,out_of_domain,6,1,gpt-5,gpt-5
13,out_of_scope,6,1,gpt-5,gpt-5
12,misspelled,4,0,gpt-5,gpt-5
11,baseline,6,1,gpt-5,gpt-5
12,incomplete,6,1,gpt-5,gpt-5
14,baseline,5,0,gpt-5,gpt-5
14,missing_context,6,1,gpt-5,gpt-5
12,out_of_domain,6,1,gpt-5,gpt-5
12,ocr,6,1,gpt-5,gpt-5
14,incomplete,5,0,gpt-5,gpt-5
11,out_of_scope,5,0,gpt-5,gpt-5
15,baseline,6,1,gpt-5,gpt-5
14,ocr,5,0,gpt-5,gpt-5
15,missing_context,6,1,gpt-5,gpt-5
14,misspelled,5,0,gpt-5,gpt-5
15,incomplete,6,1,gpt-5,gpt-5
16,missing_context,6,1,gpt-5,gpt-5
14,out_of_domain,6,1,gpt-5,gpt-5
15,misspelled,6,1,gpt-5,gpt-5
12,out_of_scope,1,0,gpt-5,gpt-5
14,out_of_scope,5,0,gpt-5,gpt-5
15,ocr,6,1,gpt-5,gpt-5
16,misspelled,5,0,gpt-5,gpt-5
15,out_of_domain,6,1,gpt-5,gpt-5
16,baseline,5,0,gpt-5,gpt-5
16,out_of_domain,5,0,gpt-5,gpt-5
17,missing_context,6,1,gpt-5,gpt-5
15,out_of_scope,6,1,gpt-5,gpt-5
17,misspelled,4,0,gpt-5,gpt-5
16,ocr,5,0,gpt-5,gpt-5
16,incomplete,6,1,gpt-5,gpt-5
19,baseline,5,0,gpt-5,gpt-5
17,out_of_domain,5,0,gpt-5,gpt-5
17,out_of_scope,6,1,gpt-5,gpt-5
18,missing_context,6,1,gpt-5,gpt-5
16,out_of_scope,6,1,gpt-5,gpt-5
17,incomplete,4,0,gpt-5,gpt-5
19,missing_context,6,1,gpt-5,gpt-5
18,out_of_scope,6,1,gpt-5,gpt-5
19,incomplete,5,0,gpt-5,gpt-5
19,misspelled,5,0,gpt-5,gpt-5
17,ocr,4,0,gpt-5,gpt-5
19,ocr,5,0,gpt-5,gpt-5
19,out_of_domain,5,0,gpt-5,gpt-5
20,incomplete,5,0,gpt-5,gpt-5
17,baseline,4,0,gpt-5,gpt-5
20,out_of_domain,5,0,gpt-5,gpt-5
20,missing_context,6,1,gpt-5,gpt-5
20,ocr,5,0,gpt-5,gpt-5
18,incomplete,6,1,gpt-5,gpt-5
21,baseline,5,0,gpt-5,gpt-5
18,baseline,4,0,gpt-5,gpt-5
20,misspelled,5,0,gpt-5,gpt-5
21,out_of_domain,5,0,gpt-5,gpt-5
21,misspelled,5,0,gpt-5,gpt-5
20,baseline,5,0,gpt-5,gpt-5
21,missing_context,6,1,gpt-5,gpt-5
18,misspelled,4,0,gpt-5,gpt-5
18,ocr,6,1,gpt-5,gpt-5
21,ocr,5,0,gpt-5,gpt-5
21,incomplete,5,0,gpt-5,gpt-5
22,misspelled,6,1,gpt-5,gpt-5
18,out_of_domain,4,0,gpt-5,gpt-5
23,missing_context,6,1,gpt-5,gpt-5
23,incomplete,5,0,gpt-5,gpt-5
23,out_of_domain,5,0,gpt-5,gpt-5
21,out_of_scope,6,1,gpt-5,gpt-5
20,out_of_scope,4,0,gpt-5,gpt-5
22,baseline,6,1,gpt-5,gpt-5
23,ocr,5,0,gpt-5,gpt-5
23,baseline,5,0,gpt-5,gpt-5
22,incomplete,6,1,gpt-5,gpt-5
23,misspelled,5,0,gpt-5,gpt-5
22,out_of_domain,6,1,gpt-5,gpt-5
22,out_of_scope,6,1,gpt-5,gpt-5
24,missing_context,6,1,gpt-5,gpt-5
22,ocr,6,1,gpt-5,gpt-5
25,misspelled,5,0,gpt-5,gpt-5
24,misspelled,6,1,gpt-5,gpt-5
25,missing_context,6,1,gpt-5,gpt-5
24,out_of_scope,6,1,gpt-5,gpt-5
25,out_of_scope,6,1,gpt-5,gpt-5
25,baseline,5,0,gpt-5,gpt-5
24,out_of_domain,6,1,gpt-5,gpt-5
22,missing_context,6,1,gpt-5,gpt-5
25,out_of_domain,5,0,gpt-5,gpt-5
23,out_of_scope,6,1,gpt-5,gpt-5
24,baseline,6,1,gpt-5,gpt-5
25,incomplete,5,0,gpt-5,gpt-5
24,incomplete,5,0,gpt-5,gpt-5
24,ocr,6,1,gpt-5,gpt-5
26,missing_context,6,1,gpt-5,gpt-5
25,ocr,5,0,gpt-5,gpt-5
27,baseline,5,0,gpt-5,gpt-5
26,incomplete,6,1,gpt-5,gpt-5
19,out_of_scope,6,1,gpt-5,gpt-5
26,out_of_domain,6,1,gpt-5,gpt-5
27,ocr,5,0,gpt-5,gpt-5
26,baseline,6,1,gpt-5,gpt-5
27,missing_context,6,1,gpt-5,gpt-5
27,misspelled,5,0,gpt-5,gpt-5
26,misspelled,6,1,gpt-5,gpt-5
27,incomplete,5,0,gpt-5,gpt-5
28,missing_context,6,1,gpt-5,gpt-5
27,out_of_domain,5,0,gpt-5,gpt-5
28,out_of_domain,6,1,gpt-5,gpt-5
28,ocr,6,1,gpt-5,gpt-5
26,out_of_scope,6,1,gpt-5,gpt-5
28,misspelled,6,1,gpt-5,gpt-5
29,missing_context,6,1,gpt-5,gpt-5
27,out_of_scope,5,0,gpt-5,gpt-5
30,missing_context,6,1,gpt-5,gpt-5
28,baseline,6,1,gpt-5,gpt-5
30,baseline,6,1,gpt-5,gpt-5
28,incomplete,6,1,gpt-5,gpt-5
26,ocr,6,1,gpt-5,gpt-5
28,out_of_scope,6,1,gpt-5,gpt-5
30,incomplete,6,1,gpt-5,gpt-5
30,out_of_scope,6,1,gpt-5,gpt-5
30,out_of_domain,6,1,gpt-5,gpt-5
29,baseline,6,1,gpt-5,gpt-5
31,missing_context,6,1,gpt-5,gpt-5
29,out_of_scope,4,0,gpt-5,gpt-5
30,misspelled,6,1,gpt-5,gpt-5
32,incomplete,5,0,gpt-5,gpt-5
29,ocr,6,1,gpt-5,gpt-5
29,incomplete,6,1,gpt-5,gpt-5
29,out_of_domain,6,1,gpt-5,gpt-5
32,misspelled,5,0,gpt-5,gpt-5
29,misspelled,6,1,gpt-5,gpt-5
32,baseline,5,0,gpt-5,gpt-5
32,out_of_domain,5,0,gpt-5,gpt-5
32,missing_context,6,1,gpt-5,gpt-5
32,ocr,5,0,gpt-5,gpt-5
31,out_of_scope,6,1,gpt-5,gpt-5
31,baseline,6,1,gpt-5,gpt-5
33,missing_context,6,1,gpt-5,gpt-5
32,out_of_scope,5,0,gpt-5,gpt-5
34,baseline,6,1,gpt-5,gpt-5
31,out_of_domain,6,1,gpt-5,gpt-5
34,misspelled,6,1,gpt-5,gpt-5
34,out_of_domain,5,0,gpt-5,gpt-5
34,incomplete,6,1,gpt-5,gpt-5
31,misspelled,6,1,gpt-5,gpt-5
34,ocr,5,0,gpt-5,gpt-5
34,missing_context,6,1,gpt-5,gpt-5
33,baseline,6,1,gpt-5,gpt-5
31,incomplete,6,1,gpt-5,gpt-5
31,ocr,6,1,gpt-5,gpt-5
33,incomplete,6,1,gpt-5,gpt-5
35,missing_context,6,1,gpt-5,gpt-5
35,ocr,5,0,gpt-5,gpt-5
35,misspelled,5,0,gpt-5,gpt-5
35,baseline,5,0,gpt-5,gpt-5
30,ocr,5,0,gpt-5,gpt-5
33,misspelled,6,1,gpt-5,gpt-5
33,out_of_domain,6,1,gpt-5,gpt-5
34,out_of_scope,5,0,gpt-5,gpt-5
36,missing_context,6,1,gpt-5,gpt-5
33,ocr,6,1,gpt-5,gpt-5
35,out_of_domain,5,0,gpt-5,gpt-5
37,baseline,5,0,gpt-5,gpt-5
35,out_of_scope,5,0,gpt-5,gpt-5
37,incomplete,5,0,gpt-5,gpt-5
36,out_of_domain,5,0,gpt-5,gpt-5
35,incomplete,6,1,gpt-5,gpt-5
37,out_of_domain,5,0,gpt-5,gpt-5
37,missing_context,6,1,gpt-5,gpt-5
37,misspelled,5,0,gpt-5,gpt-5
36,misspelled,6,1,gpt-5,gpt-5
36,out_of_scope,4,0,gpt-5,gpt-5
38,baseline,5,0,gpt-5,gpt-5
36,incomplete,6,1,gpt-5,gpt-5
38,missing_context,6,1,gpt-5,gpt-5
39,baseline,5,0,gpt-5,gpt-5
36,baseline,6,1,gpt-5,gpt-5
37,out_of_scope,5,0,gpt-5,gpt-5
37,ocr,5,0,gpt-5,gpt-5
38,out_of_domain,5,0,gpt-5,gpt-5
38,incomplete,5,0,gpt-5,gpt-5
39,incomplete,5,0,gpt-5,gpt-5
39,missing_context,6,1,gpt-5,gpt-5
38,ocr,5,0,gpt-5,gpt-5
38,out_of_scope,6,1,gpt-5,gpt-5
39,ocr,5,0,gpt-5,gpt-5
38,misspelled,5,0,gpt-5,gpt-5
39,misspelled,5,0,gpt-5,gpt-5
40,misspelled,6,1,gpt-5,gpt-5
40,incomplete,6,1,gpt-5,gpt-5
40,baseline,6,1,gpt-5,gpt-5
39,out_of_domain,5,0,gpt-5,gpt-5
39,out_of_scope,5,0,gpt-5,gpt-5
41,baseline,5,0,gpt-5,gpt-5
40,out_of_domain,6,1,gpt-5,gpt-5
41,missing_context,6,1,gpt-5,gpt-5
40,missing_context,6,1,gpt-5,gpt-5
41,incomplete,5,0,gpt-5,gpt-5
41,misspelled,5,0,gpt-5,gpt-5
42,baseline,6,1,gpt-5,gpt-5
42,misspelled,5,0,gpt-5,gpt-5
41,out_of_domain,5,0,gpt-5,gpt-5
40,ocr,6,1,gpt-5,gpt-5
42,out_of_domain,5,0,gpt-5,gpt-5
41,ocr,5,0,gpt-5,gpt-5
42,out_of_scope,6,1,gpt-5,gpt-5
36,ocr,6,1,gpt-5,gpt-5
42,missing_context,6,1,gpt-5,gpt-5
42,incomplete,6,1,gpt-5,gpt-5
43,incomplete,5,0,gpt-5,gpt-5
43,misspelled,5,0,gpt-5,gpt-5
40,out_of_scope,5,0,gpt-5,gpt-5
33,out_of_scope,6,1,gpt-5,gpt-5
41,out_of_scope,6,1,gpt-5,gpt-5
43,missing_context,6,1,gpt-5,gpt-5
43,out_of_domain,5,0,gpt-5,gpt-5
43,baseline,5,0,gpt-5,gpt-5
43,out_of_scope,6,1,gpt-5,gpt-5
44,ocr,4,0,gpt-5,gpt-5
43,ocr,5,0,gpt-5,gpt-5
44,missing_context,6,1,gpt-5,gpt-5
44,incomplete,5,0,gpt-5,gpt-5
44,out_of_domain,4,0,gpt-5,gpt-5
44,baseline,5,0,gpt-5,gpt-5
45,missing_context,6,1,gpt-5,gpt-5
42,ocr,3,0,gpt-5,gpt-5
46,missing_context,6,1,gpt-5,gpt-5
44,out_of_scope,6,1,gpt-5,gpt-5
44,misspelled,5,0,gpt-5,gpt-5
46,misspelled,4,0,gpt-5,gpt-5
46,baseline,4,0,gpt-5,gpt-5
46,out_of_scope,6,1,gpt-5,gpt-5
45,out_of_scope,5,0,gpt-5,gpt-5
45,baseline,6,1,gpt-5,gpt-5
47,missing_context,6,1,gpt-5,gpt-5
45,incomplete,6,1,gpt-5,gpt-5
45,misspelled,6,1,gpt-5,gpt-5
45,out_of_domain,6,1,gpt-5,gpt-5
47,baseline,6,1,gpt-5,gpt-5
46,ocr,5,0,gpt-5,gpt-5
46,incomplete,4,0,gpt-5,gpt-5
45,ocr,6,1,gpt-5,gpt-5
48,baseline,5,0,gpt-5,gpt-5
47,misspelled,6,1,gpt-5,gpt-5
48,missing_context,6,1,gpt-5,gpt-5
47,out_of_domain,6,1,gpt-5,gpt-5
47,ocr,6,1,gpt-5,gpt-5
48,ocr,5,0,gpt-5,gpt-5
48,incomplete,5,0,gpt-5,gpt-5
48,out_of_domain,5,0,gpt-5,gpt-5
49,missing_context,6,1,gpt-5,gpt-5
48,misspelled,5,0,gpt-5,gpt-5
47,incomplete,6,1,gpt-5,gpt-5
50,baseline,6,1,gpt-5,gpt-5
47,out_of_scope,5,0,gpt-5,gpt-5
46,out_of_domain,4,0,gpt-5,gpt-5
48,out_of_scope,4,0,gpt-5,gpt-5
50,missing_context,6,1,gpt-5,gpt-5
49,out_of_scope,6,1,gpt-5,gpt-5
49,out_of_domain,6,1,gpt-5,gpt-5
50,misspelled,5,0,gpt-5,gpt-5
51,missing_context,6,1,gpt-5,gpt-5
50,ocr,6,1,gpt-5,gpt-5
49,baseline,6,1,gpt-5,gpt-5
49,misspelled,6,1,gpt-5,gpt-5
50,out_of_domain,6,1,gpt-5,gpt-5
50,incomplete,6,1,gpt-5,gpt-5
51,out_of_domain,2,0,gpt-5,gpt-5
52,baseline,6,1,gpt-5,gpt-5
52,incomplete,6,1,gpt-5,gpt-5
51,misspelled,6,1,gpt-5,gpt-5
51,incomplete,6,1,gpt-5,gpt-5
50,out_of_scope,5,0,gpt-5,gpt-5
49,incomplete,6,1,gpt-5,gpt-5
52,missing_context,6,1,gpt-5,gpt-5
49,ocr,6,1,gpt-5,gpt-5
52,out_of_scope,5,0,gpt-5,gpt-5
51,out_of_scope,5,0,gpt-5,gpt-5
53,missing_context,6,1,gpt-5,gpt-5
52,out_of_domain,6,1,gpt-5,gpt-5
51,ocr,6,1,gpt-5,gpt-5
51,baseline,6,1,gpt-5,gpt-5
52,misspelled,6,1,gpt-5,gpt-5
53,misspelled,6,1,gpt-5,gpt-5
52,ocr,6,1,gpt-5,gpt-5
53,ocr,6,1,gpt-5,gpt-5
53,baseline,6,1,gpt-5,gpt-5
54,missing_context,6,1,gpt-5,gpt-5
55,baseline,6,1,gpt-5,gpt-5
54,out_of_scope,6,1,gpt-5,gpt-5
53,out_of_scope,4,0,gpt-5,gpt-5
54,misspelled,6,1,gpt-5,gpt-5
55,missing_context,6,1,gpt-5,gpt-5
54,out_of_domain,6,1,gpt-5,gpt-5
55,incomplete,6,1,gpt-5,gpt-5
53,out_of_domain,6,1,gpt-5,gpt-5
55,out_of_domain,6,1,gpt-5,gpt-5
55,misspelled,6,1,gpt-5,gpt-5
56,baseline,5,0,gpt-5,gpt-5
54,incomplete,6,1,gpt-5,gpt-5
56,incomplete,5,0,gpt-5,gpt-5
54,ocr,6,1,gpt-5,gpt-5
56,missing_context,6,1,gpt-5,gpt-5
55,out_of_scope,4,0,gpt-5,gpt-5
55,ocr,4,0,gpt-5,gpt-5
56,ocr,5,0,gpt-5,gpt-5
57,misspelled,5,0,gpt-5,gpt-5
56,out_of_domain,5,0,gpt-5,gpt-5
57,baseline,5,0,gpt-5,gpt-5
54,baseline,6,1,gpt-5,gpt-5
57,ocr,5,0,gpt-5,gpt-5
58,baseline,5,0,gpt-5,gpt-5
57,missing_context,6,1,gpt-5,gpt-5
53,incomplete,6,1,gpt-5,gpt-5
57,incomplete,6,1,gpt-5,gpt-5
56,out_of_scope,6,1,gpt-5,gpt-5
58,missing_context,6,1,gpt-5,gpt-5
59,misspelled,5,0,gpt-5,gpt-5
57,out_of_domain,5,0,gpt-5,gpt-5
59,baseline,5,0,gpt-5,gpt-5
58,incomplete,4,0,gpt-5,gpt-5
57,out_of_scope,5,0,gpt-5,gpt-5
59,out_of_domain,5,0,gpt-5,gpt-5
59,missing_context,6,1,gpt-5,gpt-5
59,ocr,5,0,gpt-5,gpt-5
58,out_of_domain,5,0,gpt-5,gpt-5
58,ocr,5,0,gpt-5,gpt-5
58,misspelled,5,0,gpt-5,gpt-5
59,out_of_scope,6,1,gpt-5,gpt-5
60,missing_context,6,1,gpt-5,gpt-5
58,out_of_scope,6,1,gpt-5,gpt-5
59,incomplete,5,0,gpt-5,gpt-5
61,missing_context,6,1,gpt-5,gpt-5
61,incomplete,6,1,gpt-5,gpt-5
61,ocr,6,1,gpt-5,gpt-5
60,out_of_scope,4,0,gpt-5,gpt-5
61,out_of_scope,6,1,gpt-5,gpt-5
61,misspelled,6,1,gpt-5,gpt-5
62,missing_context,6,1,gpt-5,gpt-5
60,out_of_domain,6,1,gpt-5,gpt-5
61,baseline,6,1,gpt-5,gpt-5
60,incomplete,4,0,gpt-5,gpt-5
60,baseline,6,1,gpt-5,gpt-5
62,out_of_scope,6,1,gpt-5,gpt-5
63,missing_context,6,1,gpt-5,gpt-5
61,out_of_domain,6,1,gpt-5,gpt-5
63,out_of_scope,6,1,gpt-5,gpt-5
64,baseline,5,0,gpt-5,gpt-5
64,incomplete,6,1,gpt-5,gpt-5
64,missing_context,6,1,gpt-5,gpt-5
64,out_of_domain,6,1,gpt-5,gpt-5
62,ocr,6,1,gpt-5,gpt-5
64,misspelled,5,0,gpt-5,gpt-5
60,ocr,4,0,gpt-5,gpt-5
64,ocr,5,0,gpt-5,gpt-5
62,out_of_domain,6,1,gpt-5,gpt-5
62,misspelled,6,1,gpt-5,gpt-5
62,baseline,6,1,gpt-5,gpt-5
65,baseline,5,0,gpt-5,gpt-5
63,out_of_domain,6,1,gpt-5,gpt-5
65,misspelled,5,0,gpt-5,gpt-5
63,baseline,6,1,gpt-5,gpt-5
65,out_of_domain,5,0,gpt-5,gpt-5
62,incomplete,6,1,gpt-5,gpt-5
64,out_of_scope,5,0,gpt-5,gpt-5
65,out_of_scope,6,1,gpt-5,gpt-5
66,missing_context,6,1,gpt-5,gpt-5
65,ocr,5,0,gpt-5,gpt-5
66,baseline,5,0,gpt-5,gpt-5
66,misspelled,5,0,gpt-5,gpt-5
65,incomplete,6,1,gpt-5,gpt-5
65,missing_context,6,1,gpt-5,gpt-5
63,incomplete,6,1,gpt-5,gpt-5
60,misspelled,6,1,gpt-5,gpt-5
63,misspelled,6,1,gpt-5,gpt-5
66,ocr,5,0,gpt-5,gpt-5
66,out_of_domain,5,0,gpt-5,gpt-5
66,incomplete,5,0,gpt-5,gpt-5
67,missing_context,6,1,gpt-5,gpt-5
67,out_of_scope,6,1,gpt-5,gpt-5
68,missing_context,6,1,gpt-5,gpt-5
63,ocr,6,1,gpt-5,gpt-5
67,misspelled,6,1,gpt-5,gpt-5
66,out_of_scope,6,1,gpt-5,gpt-5
67,out_of_domain,6,1,gpt-5,gpt-5
67,baseline,6,1,gpt-5,gpt-5
69,incomplete,6,1,gpt-5,gpt-5
67,incomplete,6,1,gpt-5,gpt-5
68,out_of_scope,5,0,gpt-5,gpt-5
68,out_of_domain,2,0,gpt-5,gpt-5
69,missing_context,6,1,gpt-5,gpt-5
69,out_of_scope,6,1,gpt-5,gpt-5
69,baseline,5,0,gpt-5,gpt-5
70,misspelled,5,0,gpt-5,gpt-5
68,incomplete,4,0,gpt-5,gpt-5
69,misspelled,5,0,gpt-5,gpt-5
67,ocr,3,0,gpt-5,gpt-5
68,misspelled,6,1,gpt-5,gpt-5
70,baseline,5,0,gpt-5,gpt-5
70,missing_context,6,1,gpt-5,gpt-5
70,incomplete,5,0,gpt-5,gpt-5
68,ocr,6,1,gpt-5,gpt-5
70,ocr,5,0,gpt-5,gpt-5
70,out_of_domain,6,1,gpt-5,gpt-5
71,missing_context,6,1,gpt-5,gpt-5
71,ocr,5,0,gpt-5,gpt-5
69,ocr,5,0,gpt-5,gpt-5
70,out_of_scope,6,1,gpt-5,gpt-5
71,baseline,5,0,gpt-5,gpt-5
71,misspelled,6,1,gpt-5,gpt-5
68,baseline,4,0,gpt-5,gpt-5
71,out_of_domain,5,0,gpt-5,gpt-5
72,out_of_domain,5,0,gpt-5,gpt-5
72,missing_context,6,1,gpt-5,gpt-5
72,misspelled,5,0,gpt-5,gpt-5
69,out_of_domain,6,1,gpt-5,gpt-5
72,ocr,5,0,gpt-5,gpt-5
72,incomplete,5,0,gpt-5,gpt-5
72,baseline,5,0,gpt-5,gpt-5
71,out_of_scope,5,0,gpt-5,gpt-5
73,baseline,5,0,gpt-5,gpt-5
73,out_of_domain,5,0,gpt-5,gpt-5
71,incomplete,6,1,gpt-5,gpt-5
73,missing_context,6,1,gpt-5,gpt-5
73,incomplete,5,0,gpt-5,gpt-5
72,out_of_scope,6,1,gpt-5,gpt-5
73,misspelled,5,0,gpt-5,gpt-5
74,missing_context,6,1,gpt-5,gpt-5
74,baseline,2,0,gpt-5,gpt-5
73,out_of_scope,5,0,gpt-5,gpt-5
73,ocr,4,0,gpt-5,gpt-5
75,missing_context,6,1,gpt-5,gpt-5
75,misspelled,6,1,gpt-5,gpt-5
76,baseline,5,0,gpt-5,gpt-5
74,out_of_scope,6,1,gpt-5,gpt-5
74,ocr,5,0,gpt-5,gpt-5
76,misspelled,5,0,gpt-5,gpt-5
74,misspelled,3,0,gpt-5,gpt-5
75,incomplete,6,1,gpt-5,gpt-5
74,incomplete,5,0,gpt-5,gpt-5
75,baseline,6,1,gpt-5,gpt-5
75,out_of_domain,5,0,gpt-5,gpt-5
76,incomplete,5,0,gpt-5,gpt-5
76,ocr,5,0,gpt-5,gpt-5
5,misspelled,5,0,gpt-5,gpt-5
75,out_of_scope,5,0,gpt-5,gpt-5
75,ocr,6,1,gpt-5,gpt-5
77,missing_context,6,1,gpt-5,gpt-5
74,out_of_domain,4,0,gpt-5,gpt-5
76,missing_context,6,1,gpt-5,gpt-5
78,missing_context,6,1,gpt-5,gpt-5
76,out_of_domain,6,1,gpt-5,gpt-5
76,out_of_scope,5,0,gpt-5,gpt-5
77,baseline,6,1,gpt-5,gpt-5
77,out_of_scope,4,0,gpt-5,gpt-5
78,incomplete,6,1,gpt-5,gpt-5
79,misspelled,5,0,gpt-5,gpt-5
79,missing_context,6,1,gpt-5,gpt-5
77,misspelled,6,1,gpt-5,gpt-5
78,baseline,6,1,gpt-5,gpt-5
78,out_of_scope,6,1,gpt-5,gpt-5
78,misspelled,5,0,gpt-5,gpt-5
79,incomplete,5,0,gpt-5,gpt-5
79,baseline,5,0,gpt-5,gpt-5
77,ocr,6,1,gpt-5,gpt-5
80,missing_context,6,1,gpt-5,gpt-5
77,out_of_domain,6,1,gpt-5,gpt-5
79,ocr,5,0,gpt-5,gpt-5
79,out_of_domain,6,1,gpt-5,gpt-5
78,out_of_domain,5,0,gpt-5,gpt-5
77,incomplete,6,1,gpt-5,gpt-5
79,out_of_scope,6,1,gpt-5,gpt-5
78,ocr,3,0,gpt-5,gpt-5
81,missing_context,6,1,gpt-5,gpt-5
80,incomplete,6,1,gpt-5,gpt-5
80,out_of_scope,4,0,gpt-5,gpt-5
81,misspelled,6,1,gpt-5,gpt-5
80,ocr,4,0,gpt-5,gpt-5
80,misspelled,4,0,gpt-5,gpt-5
81,baseline,6,1,gpt-5,gpt-5
82,out_of_domain,5,0,gpt-5,gpt-5
81,out_of_domain,6,1,gpt-5,gpt-5
81,incomplete,6,1,gpt-5,gpt-5
82,baseline,5,0,gpt-5,gpt-5
80,baseline,4,0,gpt-5,gpt-5
82,missing_context,6,1,gpt-5,gpt-5
82,ocr,5,0,gpt-5,gpt-5
82,misspelled,5,0,gpt-5,gpt-5
82,out_of_scope,6,1,gpt-5,gpt-5
82,incomplete,5,0,gpt-5,gpt-5
83,incomplete,5,0,gpt-5,gpt-5
81,ocr,4,0,gpt-5,gpt-5
80,out_of_domain,4,0,gpt-5,gpt-5
83,missing_context,6,1,gpt-5,gpt-5
84,missing_context,6,1,gpt-5,gpt-5
84,baseline,5,0,gpt-5,gpt-5
83,baseline,5,0,gpt-5,gpt-5
84,incomplete,5,0,gpt-5,gpt-5
84,misspelled,5,0,gpt-5,gpt-5
81,out_of_scope,4,0,gpt-5,gpt-5
83,ocr,5,0,gpt-5,gpt-5
83,misspelled,5,0,gpt-5,gpt-5
84,out_of_domain,5,0,gpt-5,gpt-5
85,missing_context,6,1,gpt-5,gpt-5
86,missing_context,6,1,gpt-5,gpt-5
86,ocr,5,0,gpt-5,gpt-5
83,out_of_domain,6,1,gpt-5,gpt-5
86,baseline,5,0,gpt-5,gpt-5
83,out_of_scope,5,0,gpt-5,gpt-5
86,incomplete,5,0,gpt-5,gpt-5
86,misspelled,5,0,gpt-5,gpt-5
85,misspelled,3,0,gpt-5,gpt-5
86,out_of_domain,6,1,gpt-5,gpt-5
85,out_of_domain,3,0,gpt-5,gpt-5
86,out_of_scope,6,1,gpt-5,gpt-5
84,out_of_scope,6,1,gpt-5,gpt-5
87,missing_context,6,1,gpt-5,gpt-5
85,baseline,4,0,gpt-5,gpt-5
85,out_of_scope,6,1,gpt-5,gpt-5
85,ocr,3,0,gpt-5,gpt-5
85,incomplete,3,0,gpt-5,gpt-5
84,ocr,3,0,gpt-5,gpt-5
88,out_of_scope,6,1,gpt-5,gpt-5
89,baseline,5,0,gpt-5,gpt-5
89,misspelled,5,0,gpt-5,gpt-5
89,incomplete,4,0,gpt-5,gpt-5
89,missing_context,6,1,gpt-5,gpt-5
89,out_of_domain,6,1,gpt-5,gpt-5
87,baseline,6,1,gpt-5,gpt-5
88,missing_context,6,1,gpt-5,gpt-5
89,ocr,5,0,gpt-5,gpt-5
87,out_of_scope,6,1,gpt-5,gpt-5
90,missing_context,6,1,gpt-5,gpt-5
87,misspelled,6,1,gpt-5,gpt-5
87,out_of_domain,6,1,gpt-5,gpt-5
87,ocr,4,0,gpt-5,gpt-5
90,incomplete,6,1,gpt-5,gpt-5
88,baseline,6,1,gpt-5,gpt-5
90,misspelled,6,1,gpt-5,gpt-5
90,out_of_scope,4,0,gpt-5,gpt-5
91,missing_context,6,1,gpt-5,gpt-5
88,misspelled,6,1,gpt-5,gpt-5
89,out_of_scope,5,0,gpt-5,gpt-5
90,baseline,6,1,gpt-5,gpt-5
88,incomplete,6,1,gpt-5,gpt-5
88,out_of_domain,4,0,gpt-5,gpt-5
88,ocr,6,1,gpt-5,gpt-5
90,ocr,6,1,gpt-5,gpt-5
91,baseline,4,0,gpt-5,gpt-5
91,incomplete,6,1,gpt-5,gpt-5
91,misspelled,6,1,gpt-5,gpt-5
92,missing_context,6,1,gpt-5,gpt-5
87,incomplete,6,1,gpt-5,gpt-5
93,misspelled,5,0,gpt-5,gpt-5
91,out_of_domain,6,1,gpt-5,gpt-5
90,out_of_domain,6,1,gpt-5,gpt-5
91,out_of_scope,6,1,gpt-5,gpt-5
93,out_of_domain,5,0,gpt-5,gpt-5
92,out_of_scope,5,0,gpt-5,gpt-5
93,missing_context,6,1,gpt-5,gpt-5
93,incomplete,6,1,gpt-5,gpt-5
93,ocr,5,0,gpt-5,gpt-5
92,incomplete,6,1,gpt-5,gpt-5
93,baseline,5,0,gpt-5,gpt-5
91,ocr,6,1,gpt-5,gpt-5
92,out_of_domain,4,0,gpt-5,gpt-5
92,baseline,6,1,gpt-5,gpt-5
92,ocr,6,1,gpt-5,gpt-5
94,missing_context,6,1,gpt-5,gpt-5
92,misspelled,6,1,gpt-5,gpt-5
94,incomplete,6,1,gpt-5,gpt-5
94,baseline,5,0,gpt-5,gpt-5
95,baseline,5,0,gpt-5,gpt-5
95,incomplete,5,0,gpt-5,gpt-5
94,out_of_domain,5,0,gpt-5,gpt-5
93,out_of_scope,6,1,gpt-5,gpt-5
95,missing_context,6,1,gpt-5,gpt-5
94,misspelled,5,0,gpt-5,gpt-5
95,misspelled,5,0,gpt-5,gpt-5
95,ocr,5,0,gpt-5,gpt-5
96,missing_context,6,1,gpt-5,gpt-5
95,out_of_domain,5,0,gpt-5,gpt-5
94,out_of_scope,6,1,gpt-5,gpt-5
96,incomplete,5,0,gpt-5,gpt-5
97,baseline,5,0,gpt-5,gpt-5
96,misspelled,5,0,gpt-5,gpt-5
97,missing_context,6,1,gpt-5,gpt-5
94,ocr,5,0,gpt-5,gpt-5
97,misspelled,5,0,gpt-5,gpt-5
96,ocr,5,0,gpt-5,gpt-5
96,baseline,6,1,gpt-5,gpt-5
96,out_of_domain,6,1,gpt-5,gpt-5
96,out_of_scope,5,0,gpt-5,gpt-5
95,out_of_scope,5,0,gpt-5,gpt-5
98,incomplete,5,0,gpt-5,gpt-5
97,ocr,5,0,gpt-5,gpt-5
98,missing_context,6,1,gpt-5,gpt-5
99,missing_context,6,1,gpt-5,gpt-5
98,misspelled,5,0,gpt-5,gpt-5
97,incomplete,6,1,gpt-5,gpt-5
98,ocr,5,0,gpt-5,gpt-5
98,baseline,5,0,gpt-5,gpt-5
98,out_of_scope,6,1,gpt-5,gpt-5
97,out_of_domain,6,1,gpt-5,gpt-5
101,baseline,5,0,gpt-5,gpt-5
99,out_of_scope,5,0,gpt-5,gpt-5
99,incomplete,6,1,gpt-5,gpt-5
99,out_of_domain,4,0,gpt-5,gpt-5
98,out_of_domain,6,1,gpt-5,gpt-5
99,baseline,4,0,gpt-5,gpt-5
101,misspelled,6,1,gpt-5,gpt-5
99,ocr,6,1,gpt-5,gpt-5
100,missing_context,6,1,gpt-5,gpt-5
99,misspelled,4,0,gpt-5,gpt-5
100,baseline,2,0,gpt-5,gpt-5
101,incomplete,6,1,gpt-5,gpt-5
100,incomplete,5,0,gpt-5,gpt-5
101,missing_context,6,1,gpt-5,gpt-5
101,out_of_domain,5,0,gpt-5,gpt-5
97,out_of_scope,6,1,gpt-5,gpt-5
100,out_of_scope,6,1,gpt-5,gpt-5
102,missing_context,6,1,gpt-5,gpt-5
102,baseline,5,0,gpt-5,gpt-5
100,out_of_domain,2,0,gpt-5,gpt-5
103,baseline,5,0,gpt-5,gpt-5
102,incomplete,5,0,gpt-5,gpt-5
101,ocr,6,1,gpt-5,gpt-5
102,out_of_domain,5,0,gpt-5,gpt-5
103,out_of_domain,5,0,gpt-5,gpt-5
103,missing_context,6,1,gpt-5,gpt-5
100,ocr,5,0,gpt-5,gpt-5
102,ocr,5,0,gpt-5,gpt-5
103,incomplete,5,0,gpt-5,gpt-5
102,misspelled,5,0,gpt-5,gpt-5
103,ocr,5,0,gpt-5,gpt-5
101,out_of_scope,4,0,gpt-5,gpt-5
102,out_of_scope,4,0,gpt-5,gpt-5
103,out_of_scope,6,1,gpt-5,gpt-5
103,misspelled,6,1,gpt-5,gpt-5
104,missing_context,6,1,gpt-5,gpt-5
100,misspelled,5,0,gpt-5,gpt-5
105,missing_context,6,1,gpt-5,gpt-5
104,out_of_scope,6,1,gpt-5,gpt-5
104,incomplete,6,1,gpt-5,gpt-5
106,missing_context,6,1,gpt-5,gpt-5
105,out_of_scope,6,1,gpt-5,gpt-5
104,ocr,6,1,gpt-5,gpt-5
104,misspelled,6,1,gpt-5,gpt-5
104,baseline,6,1,gpt-5,gpt-5
106,incomplete,6,1,gpt-5,gpt-5
106,out_of_scope,6,1,gpt-5,gpt-5
104,out_of_domain,6,1,gpt-5,gpt-5
106,baseline,6,1,gpt-5,gpt-5
107,baseline,6,1,gpt-5,gpt-5
107,missing_context,6,1,gpt-5,gpt-5
105,incomplete,6,1,gpt-5,gpt-5
107,misspelled,6,1,gpt-5,gpt-5
105,out_of_domain,6,1,gpt-5,gpt-5
105,baseline,6,1,gpt-5,gpt-5
107,incomplete,6,1,gpt-5,gpt-5
106,misspelled,6,1,gpt-5,gpt-5
107,out_of_scope,6,1,gpt-5,gpt-5
106,out_of_domain,6,1,gpt-5,gpt-5
108,missing_context,6,1,gpt-5,gpt-5
107,out_of_domain,6,1,gpt-5,gpt-5
108,misspelled,5,0,gpt-5,gpt-5
108,out_of_domain,5,0,gpt-5,gpt-5
105,misspelled,6,1,gpt-5,gpt-5
109,missing_context,6,1,gpt-5,gpt-5
108,baseline,5,0,gpt-5,gpt-5
106,ocr,6,1,gpt-5,gpt-5
108,ocr,5,0,gpt-5,gpt-5
107,ocr,6,1,gpt-5,gpt-5
108,incomplete,6,1,gpt-5,gpt-5
105,ocr,3,0,gpt-5,gpt-5
110,baseline,5,0,gpt-5,gpt-5
110,incomplete,5,0,gpt-5,gpt-5
109,baseline,6,1,gpt-5,gpt-5
108,out_of_scope,6,1,gpt-5,gpt-5
110,missing_context,6,1,gpt-5,gpt-5
110,misspelled,5,0,gpt-5,gpt-5
110,out_of_domain,5,0,gpt-5,gpt-5
110,ocr,5,0,gpt-5,gpt-5
109,out_of_scope,5,0,gpt-5,gpt-5
111,missing_context,6,1,gpt-5,gpt-5
111,out_of_domain,6,1,gpt-5,gpt-5
109,incomplete,6,1,gpt-5,gpt-5
109,ocr,6,1,gpt-5,gpt-5
109,out_of_domain,6,1,gpt-5,gpt-5
110,out_of_scope,4,0,gpt-5,gpt-5
111,out_of_scope,6,1,gpt-5,gpt-5
109,misspelled,1,0,gpt-5,gpt-5
112,missing_context,6,1,gpt-5,gpt-5
111,misspelled,6,1,gpt-5,gpt-5
111,incomplete,6,1,gpt-5,gpt-5
112,misspelled,5,0,gpt-5,gpt-5
112,baseline,5,0,gpt-5,gpt-5
112,incomplete,5,0,gpt-5,gpt-5
113,missing_context,6,1,gpt-5,gpt-5
111,baseline,6,1,gpt-5,gpt-5
112,ocr,5,0,gpt-5,gpt-5
111,ocr,4,0,gpt-5,gpt-5
114,missing_context,6,1,gpt-5,gpt-5
113,misspelled,6,1,gpt-5,gpt-5
112,out_of_domain,5,0,gpt-5,gpt-5
113,out_of_domain,6,1,gpt-5,gpt-5
114,out_of_scope,5,0,gpt-5,gpt-5
113,baseline,6,1,gpt-5,gpt-5
112,out_of_scope,5,0,gpt-5,gpt-5
113,ocr,6,1,gpt-5,gpt-5
113,incomplete,6,1,gpt-5,gpt-5
115,missing_context,6,1,gpt-5,gpt-5
114,baseline,6,1,gpt-5,gpt-5
116,missing_context,6,1,gpt-5,gpt-5
115,baseline,6,1,gpt-5,gpt-5
114,ocr,6,1,gpt-5,gpt-5
114,misspelled,6,1,gpt-5,gpt-5
115,incomplete,6,1,gpt-5,gpt-5
115,misspelled,6,1,gpt-5,gpt-5
116,baseline,5,0,gpt-5,gpt-5
115,ocr,6,1,gpt-5,gpt-5
114,incomplete,6,1,gpt-5,gpt-5
115,out_of_scope,6,1,gpt-5,gpt-5
116,misspelled,5,0,gpt-5,gpt-5
113,out_of_scope,6,1,gpt-5,gpt-5
117,missing_context,6,1,gpt-5,gpt-5
115,out_of_domain,6,1,gpt-5,gpt-5
117,baseline,5,0,gpt-5,gpt-5
116,ocr,5,0,gpt-5,gpt-5
116,incomplete,5,0,gpt-5,gpt-5
116,out_of_scope,6,1,gpt-5,gpt-5
114,out_of_domain,6,1,gpt-5,gpt-5
118,missing_context,6,1,gpt-5,gpt-5
117,out_of_domain,6,1,gpt-5,gpt-5
117,ocr,5,0,gpt-5,gpt-5
116,out_of_domain,6,1,gpt-5,gpt-5
118,baseline,6,1,gpt-5,gpt-5
117,incomplete,6,1,gpt-5,gpt-5
118,misspelled,6,1,gpt-5,gpt-5
118,incomplete,5,0,gpt-5,gpt-5
119,baseline,6,1,gpt-5,gpt-5
117,misspelled,5,0,gpt-5,gpt-5
118,out_of_scope,6,1,gpt-5,gpt-5
118,ocr,6,1,gpt-5,gpt-5
118,out_of_domain,6,1,gpt-5,gpt-5
119,ocr,6,1,gpt-5,gpt-5
119,missing_context,6,1,gpt-5,gpt-5
119,incomplete,6,1,gpt-5,gpt-5
119,misspelled,6,1,gpt-5,gpt-5
119,out_of_domain,6,1,gpt-5,gpt-5
120,missing_context,6,1,gpt-5,gpt-5
117,out_of_scope,5,0,gpt-5,gpt-5
119,out_of_scope,6,1,gpt-5,gpt-5
121,missing_context,6,1,gpt-5,gpt-5
122,baseline,5,0,gpt-5,gpt-5
120,out_of_scope,5,0,gpt-5,gpt-5
122,incomplete,5,0,gpt-5,gpt-5
122,missing_context,6,1,gpt-5,gpt-5
122,out_of_domain,5,0,gpt-5,gpt-5
120,misspelled,6,1,gpt-5,gpt-5
56,misspelled,5,0,gpt-5,gpt-5
122,misspelled,5,0,gpt-5,gpt-5
121,out_of_scope,6,1,gpt-5,gpt-5
122,ocr,3,0,gpt-5,gpt-5
120,baseline,6,1,gpt-5,gpt-5
123,missing_context,6,1,gpt-5,gpt-5
122,out_of_scope,6,1,gpt-5,gpt-5
120,incomplete,6,1,gpt-5,gpt-5
121,misspelled,6,1,gpt-5,gpt-5
121,baseline,6,1,gpt-5,gpt-5
123,misspelled,6,1,gpt-5,gpt-5
123,baseline,6,1,gpt-5,gpt-5
120,out_of_domain,6,1,gpt-5,gpt-5
123,out_of_domain,6,1,gpt-5,gpt-5
121,out_of_domain,6,1,gpt-5,gpt-5
123,incomplete,6,1,gpt-5,gpt-5
123,out_of_scope,6,1,gpt-5,gpt-5
124,missing_context,6,1,gpt-5,gpt-5
120,ocr,6,1,gpt-5,gpt-5
124,out_of_scope,6,1,gpt-5,gpt-5
125,missing_context,6,1,gpt-5,gpt-5
123,ocr,5,0,gpt-5,gpt-5
125,out_of_domain,6,1,gpt-5,gpt-5
126,missing_context,6,1,gpt-5,gpt-5
121,ocr,6,1,gpt-5,gpt-5
121,incomplete,6,1,gpt-5,gpt-5
126,incomplete,6,1,gpt-5,gpt-5
125,out_of_scope,6,1,gpt-5,gpt-5
124,baseline,4,0,gpt-5,gpt-5
125,incomplete,6,1,gpt-5,gpt-5
125,misspelled,6,1,gpt-5,gpt-5
125,ocr,6,1,gpt-5,gpt-5
125,baseline,4,0,gpt-5,gpt-5
124,misspelled,6,1,gpt-5,gpt-5
127,baseline,5,0,gpt-5,gpt-5
126,ocr,5,0,gpt-5,gpt-5
127,out_of_domain,5,0,gpt-5,gpt-5
124,ocr,6,1,gpt-5,gpt-5
124,out_of_domain,6,1,gpt-5,gpt-5
126,baseline,6,1,gpt-5,gpt-5
127,misspelled,5,0,gpt-5,gpt-5
126,out_of_domain,6,1,gpt-5,gpt-5
124,incomplete,6,1,gpt-5,gpt-5
127,incomplete,5,0,gpt-5,gpt-5
127,missing_context,6,1,gpt-5,gpt-5
128,baseline,5,0,gpt-5,gpt-5
128,incomplete,5,0,gpt-5,gpt-5
128,out_of_domain,5,0,gpt-5,gpt-5
128,missing_context,6,1,gpt-5,gpt-5
129,baseline,5,0,gpt-5,gpt-5
126,misspelled,4,0,gpt-5,gpt-5
128,misspelled,5,0,gpt-5,gpt-5
129,out_of_domain,5,0,gpt-5,gpt-5
129,out_of_scope,6,1,gpt-5,gpt-5
129,misspelled,5,0,gpt-5,gpt-5
128,out_of_scope,6,1,gpt-5,gpt-5
127,out_of_scope,4,0,gpt-5,gpt-5
126,out_of_scope,6,1,gpt-5,gpt-5
129,missing_context,6,1,gpt-5,gpt-5
129,ocr,5,0,gpt-5,gpt-5
130,baseline,5,0,gpt-5,gpt-5
130,misspelled,5,0,gpt-5,gpt-5
129,incomplete,5,0,gpt-5,gpt-5
130,incomplete,5,0,gpt-5,gpt-5
128,ocr,3,0,gpt-5,gpt-5
131,missing_context,6,1,gpt-5,gpt-5
130,missing_context,6,1,gpt-5,gpt-5
127,ocr,3,0,gpt-5,gpt-5
130,ocr,5,0,gpt-5,gpt-5
132,misspelled,5,0,gpt-5,gpt-5
132,out_of_domain,5,0,gpt-5,gpt-5
131,ocr,5,0,gpt-5,gpt-5
132,incomplete,5,0,gpt-5,gpt-5
131,baseline,6,1,gpt-5,gpt-5
130,out_of_domain,5,0,gpt-5,gpt-5
131,incomplete,6,1,gpt-5,gpt-5
132,missing_context,6,1,gpt-5,gpt-5
131,misspelled,6,1,gpt-5,gpt-5
132,baseline,5,0,gpt-5,gpt-5
130,out_of_scope,4,0,gpt-5,gpt-5
133,ocr,5,0,gpt-5,gpt-5
133,out_of_domain,5,0,gpt-5,gpt-5
133,missing_context,6,1,gpt-5,gpt-5
133,incomplete,5,0,gpt-5,gpt-5
131,out_of_domain,4,0,gpt-5,gpt-5
134,missing_context,6,1,gpt-5,gpt-5
133,baseline,5,0,gpt-5,gpt-5
133,out_of_scope,5,0,gpt-5,gpt-5
132,out_of_scope,4,0,gpt-5,gpt-5
133,misspelled,5,0,gpt-5,gpt-5
135,incomplete,5,0,gpt-5,gpt-5
134,incomplete,6,1,gpt-5,gpt-5
134,baseline,6,1,gpt-5,gpt-5
134,out_of_domain,6,1,gpt-5,gpt-5
134,misspelled,6,1,gpt-5,gpt-5
135,missing_context,6,1,gpt-5,gpt-5
131,out_of_scope,6,1,gpt-5,gpt-5
134,ocr,6,1,gpt-5,gpt-5
135,out_of_scope,6,1,gpt-5,gpt-5
135,misspelled,5,0,gpt-5,gpt-5
135,baseline,5,0,gpt-5,gpt-5
132,ocr,4,0,gpt-5,gpt-5
135,ocr,5,0,gpt-5,gpt-5
134,out_of_scope,5,0,gpt-5,gpt-5
136,missing_context,6,1,gpt-5,gpt-5
137,baseline,6,1,gpt-5,gpt-5
137,incomplete,6,1,gpt-5,gpt-5
137,misspelled,6,1,gpt-5,gpt-5
136,baseline,6,1,gpt-5,gpt-5
137,missing_context,6,1,gpt-5,gpt-5
137,ocr,6,1,gpt-5,gpt-5
135,out_of_domain,6,1,gpt-5,gpt-5
138,misspelled,5,0,gpt-5,gpt-5
136,out_of_scope,6,1,gpt-5,gpt-5
137,out_of_domain,6,1,gpt-5,gpt-5
138,missing_context,6,1,gpt-5,gpt-5
138,incomplete,5,0,gpt-5,gpt-5
136,misspelled,6,1,gpt-5,gpt-5
138,baseline,5,0,gpt-5,gpt-5
136,out_of_domain,6,1,gpt-5,gpt-5
137,out_of_scope,6,1,gpt-5,gpt-5
136,ocr,6,1,gpt-5,gpt-5
139,missing_context,6,1,gpt-5,gpt-5
138,ocr,5,0,gpt-5,gpt-5
138,out_of_domain,6,1,gpt-5,gpt-5
138,out_of_scope,5,0,gpt-5,gpt-5
140,misspelled,5,0,gpt-5,gpt-5
136,incomplete,6,1,gpt-5,gpt-5
140,baseline,5,0,gpt-5,gpt-5
139,misspelled,6,1,gpt-5,gpt-5
139,baseline,6,1,gpt-5,gpt-5
139,out_of_domain,6,1,gpt-5,gpt-5
140,missing_context,6,1,gpt-5,gpt-5
139,ocr,6,1,gpt-5,gpt-5
140,out_of_domain,5,0,gpt-5,gpt-5
140,ocr,5,0,gpt-5,gpt-5
139,out_of_scope,6,1,gpt-5,gpt-5
141,missing_context,6,1,gpt-5,gpt-5
139,incomplete,6,1,gpt-5,gpt-5
141,baseline,5,0,gpt-5,gpt-5
141,misspelled,6,1,gpt-5,gpt-5
140,out_of_scope,6,1,gpt-5,gpt-5
141,out_of_domain,5,0,gpt-5,gpt-5
143,baseline,5,0,gpt-5,gpt-5
140,incomplete,6,1,gpt-5,gpt-5
141,ocr,6,1,gpt-5,gpt-5
143,missing_context,6,1,gpt-5,gpt-5
141,out_of_scope,6,1,gpt-5,gpt-5
142,missing_context,6,1,gpt-5,gpt-5
143,incomplete,6,1,gpt-5,gpt-5
143,ocr,5,0,gpt-5,gpt-5
142,out_of_scope,6,1,gpt-5,gpt-5
143,misspelled,5,0,gpt-5,gpt-5
141,incomplete,6,1,gpt-5,gpt-5
143,out_of_domain,6,1,gpt-5,gpt-5
144,missing_context,6,1,gpt-5,gpt-5
142,misspelled,6,1,gpt-5,gpt-5
143,out_of_scope,6,1,gpt-5,gpt-5
142,out_of_domain,6,1,gpt-5,gpt-5
142,ocr,6,1,gpt-5,gpt-5
145,missing_context,6,1,gpt-5,gpt-5
144,out_of_scope,5,0,gpt-5,gpt-5
145,out_of_domain,4,0,gpt-5,gpt-5
142,baseline,6,1,gpt-5,gpt-5
145,out_of_scope,6,1,gpt-5,gpt-5
146,missing_context,6,1,gpt-5,gpt-5
146,out_of_domain,5,0,gpt-5,gpt-5
146,baseline,5,0,gpt-5,gpt-5
146,ocr,5,0,gpt-5,gpt-5
144,misspelled,6,1,gpt-5,gpt-5
146,incomplete,5,0,gpt-5,gpt-5
146,misspelled,5,0,gpt-5,gpt-5
142,incomplete,6,1,gpt-5,gpt-5
144,baseline,6,1,gpt-5,gpt-5
144,incomplete,6,1,gpt-5,gpt-5
144,ocr,6,1,gpt-5,gpt-5
146,out_of_scope,5,0,gpt-5,gpt-5
147,missing_context,6,1,gpt-5,gpt-5
145,incomplete,3,0,gpt-5,gpt-5
144,out_of_domain,6,1,gpt-5,gpt-5
147,incomplete,6,1,gpt-5,gpt-5
147,baseline,6,1,gpt-5,gpt-5
145,ocr,3,0,gpt-5,gpt-5
147,misspelled,6,1,gpt-5,gpt-5
147,ocr,6,1,gpt-5,gpt-5
145,misspelled,6,1,gpt-5,gpt-5
148,missing_context,6,1,gpt-5,gpt-5
145,baseline,3,0,gpt-5,gpt-5
147,out_of_domain,6,1,gpt-5,gpt-5
147,out_of_scope,5,0,gpt-5,gpt-5
148,misspelled,6,1,gpt-5,gpt-5
149,missing_context,6,1,gpt-5,gpt-5
150,missing_context,6,1,gpt-5,gpt-5
148,out_of_scope,5,0,gpt-5,gpt-5
148,out_of_domain,6,1,gpt-5,gpt-5
148,baseline,6,1,gpt-5,gpt-5
150,baseline,6,1,gpt-5,gpt-5
150,misspelled,6,1,gpt-5,gpt-5
149,out_of_domain,5,0,gpt-5,gpt-5
150,incomplete,6,1,gpt-5,gpt-5
148,ocr,6,1,gpt-5,gpt-5
150,out_of_scope,6,1,gpt-5,gpt-5
149,out_of_scope,5,0,gpt-5,gpt-5
148,incomplete,6,1,gpt-5,gpt-5
151,missing_context,6,1,gpt-5,gpt-5
150,out_of_domain,6,1,gpt-5,gpt-5
149,misspelled,6,1,gpt-5,gpt-5
149,incomplete,6,1,gpt-5,gpt-5
151,incomplete,6,1,gpt-5,gpt-5
151,out_of_scope,5,0,gpt-5,gpt-5
151,baseline,6,1,gpt-5,gpt-5
151,misspelled,6,1,gpt-5,gpt-5
152,missing_context,6,1,gpt-5,gpt-5
152,misspelled,6,1,gpt-5,gpt-5
152,out_of_scope,6,1,gpt-5,gpt-5
152,out_of_domain,6,1,gpt-5,gpt-5
150,ocr,6,1,gpt-5,gpt-5
152,incomplete,6,1,gpt-5,gpt-5
149,ocr,6,1,gpt-5,gpt-5
153,baseline,6,1,gpt-5,gpt-5
153,incomplete,5,0,gpt-5,gpt-5
152,ocr,6,1,gpt-5,gpt-5
152,baseline,6,1,gpt-5,gpt-5
154,missing_context,6,1,gpt-5,gpt-5
151,out_of_domain,6,1,gpt-5,gpt-5
149,baseline,6,1,gpt-5,gpt-5
153,missing_context,6,1,gpt-5,gpt-5
151,ocr,6,1,gpt-5,gpt-5
153,misspelled,6,1,gpt-5,gpt-5
155,missing_context,6,1,gpt-5,gpt-5
153,out_of_scope,6,1,gpt-5,gpt-5
154,incomplete,5,0,gpt-5,gpt-5
153,ocr,6,1,gpt-5,gpt-5
153,out_of_domain,6,1,gpt-5,gpt-5
154,out_of_scope,6,1,gpt-5,gpt-5
154,out_of_domain,5,0,gpt-5,gpt-5
154,ocr,5,0,gpt-5,gpt-5
154,misspelled,5,0,gpt-5,gpt-5
155,baseline,6,1,gpt-5,gpt-5
154,baseline,5,0,gpt-5,gpt-5
157,misspelled,5,0,gpt-5,gpt-5
155,misspelled,6,1,gpt-5,gpt-5
156,missing_context,6,1,gpt-5,gpt-5
155,out_of_scope,5,0,gpt-5,gpt-5
156,baseline,6,1,gpt-5,gpt-5
157,incomplete,5,0,gpt-5,gpt-5
155,ocr,6,1,gpt-5,gpt-5
157,baseline,5,0,gpt-5,gpt-5
157,missing_context,6,1,gpt-5,gpt-5
156,misspelled,6,1,gpt-5,gpt-5
156,out_of_domain,6,1,gpt-5,gpt-5
155,incomplete,6,1,gpt-5,gpt-5
158,missing_context,6,1,gpt-5,gpt-5
157,out_of_domain,5,0,gpt-5,gpt-5
157,out_of_scope,5,0,gpt-5,gpt-5
155,out_of_domain,6,1,gpt-5,gpt-5
156,out_of_scope,6,1,gpt-5,gpt-5
158,baseline,5,0,gpt-5,gpt-5
156,ocr,6,1,gpt-5,gpt-5
159,misspelled,5,0,gpt-5,gpt-5
159,missing_context,6,1,gpt-5,gpt-5
157,ocr,3,0,gpt-5,gpt-5
156,incomplete,6,1,gpt-5,gpt-5
159,incomplete,5,0,gpt-5,gpt-5
159,ocr,5,0,gpt-5,gpt-5
159,baseline,5,0,gpt-5,gpt-5
158,misspelled,6,1,gpt-5,gpt-5
159,out_of_domain,5,0,gpt-5,gpt-5
158,ocr,6,1,gpt-5,gpt-5
159,out_of_scope,5,0,gpt-5,gpt-5
158,incomplete,6,1,gpt-5,gpt-5
161,missing_context,6,1,gpt-5,gpt-5
160,out_of_scope,4,0,gpt-5,gpt-5
161,out_of_scope,6,1,gpt-5,gpt-5
158,out_of_domain,6,1,gpt-5,gpt-5
162,misspelled,6,1,gpt-5,gpt-5
162,missing_context,6,1,gpt-5,gpt-5
158,out_of_scope,6,1,gpt-5,gpt-5
162,incomplete,6,1,gpt-5,gpt-5
160,out_of_domain,6,1,gpt-5,gpt-5
162,out_of_domain,5,0,gpt-5,gpt-5
161,incomplete,6,1,gpt-5,gpt-5
161,misspelled,6,1,gpt-5,gpt-5
160,baseline,6,1,gpt-5,gpt-5
160,incomplete,6,1,gpt-5,gpt-5
160,ocr,6,1,gpt-5,gpt-5
161,out_of_domain,6,1,gpt-5,gpt-5
163,missing_context,6,1,gpt-5,gpt-5
162,ocr,5,0,gpt-5,gpt-5
161,baseline,6,1,gpt-5,gpt-5
163,out_of_scope,6,1,gpt-5,gpt-5
161,ocr,6,1,gpt-5,gpt-5
164,missing_context,6,1,gpt-5,gpt-5
163,baseline,6,1,gpt-5,gpt-5
160,misspelled,6,1,gpt-5,gpt-5
164,misspelled,3,0,gpt-5,gpt-5
162,out_of_scope,5,0,gpt-5,gpt-5
164,ocr,5,0,gpt-5,gpt-5
163,incomplete,3,0,gpt-5,gpt-5
164,incomplete,3,0,gpt-5,gpt-5
163,misspelled,6,1,gpt-5,gpt-5
164,baseline,3,0,gpt-5,gpt-5
164,out_of_domain,2,0,gpt-5,gpt-5
164,out_of_scope,4,0,gpt-5,gpt-5
166,baseline,5,0,gpt-5,gpt-5
166,misspelled,5,0,gpt-5,gpt-5
166,incomplete,6,1,gpt-5,gpt-5
165,missing_context,6,1,gpt-5,gpt-5
166,ocr,5,0,gpt-5,gpt-5
166,out_of_domain,5,0,gpt-5,gpt-5
166,missing_context,6,1,gpt-5,gpt-5
163,out_of_domain,6,1,gpt-5,gpt-5
165,misspelled,6,1,gpt-5,gpt-5
167,misspelled,5,0,gpt-5,gpt-5
160,missing_context,6,1,gpt-5,gpt-5
165,ocr,6,1,gpt-5,gpt-5
167,missing_context,6,1,gpt-5,gpt-5
165,incomplete,6,1,gpt-5,gpt-5
166,out_of_scope,6,1,gpt-5,gpt-5
165,baseline,6,1,gpt-5,gpt-5
165,out_of_domain,6,1,gpt-5,gpt-5
167,baseline,5,0,gpt-5,gpt-5
165,out_of_scope,5,0,gpt-5,gpt-5
167,out_of_domain,5,0,gpt-5,gpt-5
163,ocr,6,1,gpt-5,gpt-5
167,out_of_scope,6,1,gpt-5,gpt-5
167,incomplete,5,0,gpt-5,gpt-5
168,incomplete,5,0,gpt-5,gpt-5
168,baseline,5,0,gpt-5,gpt-5
167,ocr,5,0,gpt-5,gpt-5
169,baseline,5,0,gpt-5,gpt-5
168,missing_context,6,1,gpt-5,gpt-5
170,baseline,5,0,gpt-5,gpt-5
169,missing_context,6,1,gpt-5,gpt-5
169,misspelled,5,0,gpt-5,gpt-5
168,misspelled,6,1,gpt-5,gpt-5
169,incomplete,5,0,gpt-5,gpt-5
169,out_of_domain,5,0,gpt-5,gpt-5
170,out_of_domain,5,0,gpt-5,gpt-5
168,ocr,6,1,gpt-5,gpt-5
170,misspelled,5,0,gpt-5,gpt-5
168,out_of_domain,6,1,gpt-5,gpt-5
170,ocr,5,0,gpt-5,gpt-5
171,missing_context,6,1,gpt-5,gpt-5
170,incomplete,5,0,gpt-5,gpt-5
170,missing_context,6,1,gpt-5,gpt-5
169,ocr,3,0,gpt-5,gpt-5
169,out_of_scope,6,1,gpt-5,gpt-5
172,baseline,6,1,gpt-5,gpt-5
171,incomplete,5,0,gpt-5,gpt-5
172,missing_context,6,1,gpt-5,gpt-5
172,misspelled,5,0,gpt-5,gpt-5
171,ocr,5,0,gpt-5,gpt-5
168,out_of_scope,5,0,gpt-5,gpt-5
171,misspelled,5,0,gpt-5,gpt-5
171,baseline,6,1,gpt-5,gpt-5
171,out_of_scope,6,1,gpt-5,gpt-5
172,incomplete,6,1,gpt-5,gpt-5
171,out_of_domain,3,0,gpt-5,gpt-5
172,ocr,5,0,gpt-5,gpt-5
173,missing_context,6,1,gpt-5,gpt-5
172,out_of_domain,6,1,gpt-5,gpt-5
174,misspelled,5,0,gpt-5,gpt-5
174,baseline,5,0,gpt-5,gpt-5
174,missing_context,6,1,gpt-5,gpt-5
174,ocr,5,0,gpt-5,gpt-5
170,out_of_scope,5,0,gpt-5,gpt-5
173,baseline,6,1,gpt-5,gpt-5
172,out_of_scope,4,0,gpt-5,gpt-5
175,missing_context,6,1,gpt-5,gpt-5
174,incomplete,5,0,gpt-5,gpt-5
173,incomplete,6,1,gpt-5,gpt-5
174,out_of_domain,5,0,gpt-5,gpt-5
173,ocr,6,1,gpt-5,gpt-5
173,misspelled,6,1,gpt-5,gpt-5
174,out_of_scope,6,1,gpt-5,gpt-5
176,missing_context,6,1,gpt-5,gpt-5
175,baseline,5,0,gpt-5,gpt-5
173,out_of_scope,6,1,gpt-5,gpt-5
162,baseline,5,0,gpt-5,gpt-5
175,out_of_domain,4,0,gpt-5,gpt-5
175,incomplete,6,1,gpt-5,gpt-5
177,baseline,5,0,gpt-5,gpt-5
176,baseline,4,0,gpt-5,gpt-5
176,out_of_scope,6,1,gpt-5,gpt-5
175,misspelled,4,0,gpt-5,gpt-5
175,out_of_scope,4,0,gpt-5,gpt-5
175,ocr,4,0,gpt-5,gpt-5
176,misspelled,4,0,gpt-5,gpt-5
173,out_of_domain,4,0,gpt-5,gpt-5
176,incomplete,6,1,gpt-5,gpt-5
177,ocr,5,0,gpt-5,gpt-5
177,missing_context,6,1,gpt-5,gpt-5
177,out_of_domain,5,0,gpt-5,gpt-5
177,misspelled,5,0,gpt-5,gpt-5
177,incomplete,5,0,gpt-5,gpt-5
178,baseline,5,0,gpt-5,gpt-5
178,misspelled,5,0,gpt-5,gpt-5
178,missing_context,6,1,gpt-5,gpt-5
179,baseline,5,0,gpt-5,gpt-5
176,out_of_domain,4,0,gpt-5,gpt-5
178,ocr,5,0,gpt-5,gpt-5
179,out_of_domain,5,0,gpt-5,gpt-5
178,out_of_domain,5,0,gpt-5,gpt-5
179,ocr,5,0,gpt-5,gpt-5
177,out_of_scope,6,1,gpt-5,gpt-5
179,incomplete,6,1,gpt-5,gpt-5
179,misspelled,5,0,gpt-5,gpt-5
180,misspelled,5,0,gpt-5,gpt-5
180,incomplete,5,0,gpt-5,gpt-5
179,missing_context,6,1,gpt-5,gpt-5
178,incomplete,5,0,gpt-5,gpt-5
180,missing_context,6,1,gpt-5,gpt-5
180,baseline,5,0,gpt-5,gpt-5
176,ocr,4,0,gpt-5,gpt-5
180,ocr,5,0,gpt-5,gpt-5
180,out_of_domain,5,0,gpt-5,gpt-5
178,out_of_scope,6,1,gpt-5,gpt-5
181,out_of_domain,5,0,gpt-5,gpt-5
181,baseline,6,1,gpt-5,gpt-5
179,out_of_scope,6,1,gpt-5,gpt-5
182,missing_context,6,1,gpt-5,gpt-5
181,missing_context,6,1,gpt-5,gpt-5
181,ocr,6,1,gpt-5,gpt-5
183,misspelled,5,0,gpt-5,gpt-5
180,out_of_scope,5,0,gpt-5,gpt-5
182,out_of_scope,6,1,gpt-5,gpt-5
183,incomplete,5,0,gpt-5,gpt-5
183,ocr,5,0,gpt-5,gpt-5
183,missing_context,6,1,gpt-5,gpt-5
183,baseline,5,0,gpt-5,gpt-5
181,misspelled,6,1,gpt-5,gpt-5
183,out_of_domain,5,0,gpt-5,gpt-5
184,missing_context,6,1,gpt-5,gpt-5
181,incomplete,6,1,gpt-5,gpt-5
182,misspelled,6,1,gpt-5,gpt-5
184,misspelled,6,1,gpt-5,gpt-5
182,out_of_domain,4,0,gpt-5,gpt-5
184,out_of_scope,6,1,gpt-5,gpt-5
184,incomplete,6,1,gpt-5,gpt-5
183,out_of_scope,5,0,gpt-5,gpt-5
181,out_of_scope,4,0,gpt-5,gpt-5
184,ocr,6,1,gpt-5,gpt-5
182,ocr,6,1,gpt-5,gpt-5
184,out_of_domain,6,1,gpt-5,gpt-5
184,baseline,6,1,gpt-5,gpt-5
182,baseline,6,1,gpt-5,gpt-5
185,missing_context,6,1,gpt-5,gpt-5
186,missing_context,6,1,gpt-5,gpt-5
185,ocr,6,1,gpt-5,gpt-5
187,missing_context,6,1,gpt-5,gpt-5
186,out_of_scope,6,1,gpt-5,gpt-5
187,baseline,5,0,gpt-5,gpt-5
186,out_of_domain,6,1,gpt-5,gpt-5
185,out_of_domain,4,0,gpt-5,gpt-5
186,ocr,6,1,gpt-5,gpt-5
186,baseline,6,1,gpt-5,gpt-5
185,out_of_scope,6,1,gpt-5,gpt-5
187,ocr,5,0,gpt-5,gpt-5
187,incomplete,5,0,gpt-5,gpt-5
188,baseline,5,0,gpt-5,gpt-5
185,baseline,6,1,gpt-5,gpt-5
187,out_of_domain,6,1,gpt-5,gpt-5
185,misspelled,3,0,gpt-5,gpt-5
187,out_of_scope,6,1,gpt-5,gpt-5
188,incomplete,6,1,gpt-5,gpt-5
188,misspelled,6,1,gpt-5,gpt-5
188,out_of_domain,5,0,gpt-5,gpt-5
185,incomplete,6,1,gpt-5,gpt-5
186,incomplete,6,1,gpt-5,gpt-5
188,missing_context,6,1,gpt-5,gpt-5
189,missing_context,6,1,gpt-5,gpt-5
189,out_of_scope,6,1,gpt-5,gpt-5
188,out_of_scope,5,0,gpt-5,gpt-5
187,misspelled,5,0,gpt-5,gpt-5
188,ocr,6,1,gpt-5,gpt-5
190,missing_context,6,1,gpt-5,gpt-5
189,misspelled,6,1,gpt-5,gpt-5
190,out_of_domain,6,1,gpt-5,gpt-5
190,baseline,6,1,gpt-5,gpt-5
189,incomplete,6,1,gpt-5,gpt-5
191,missing_context,6,1,gpt-5,gpt-5
189,baseline,6,1,gpt-5,gpt-5
190,out_of_scope,5,0,gpt-5,gpt-5
190,ocr,6,1,gpt-5,gpt-5
190,misspelled,6,1,gpt-5,gpt-5
190,incomplete,6,1,gpt-5,gpt-5
189,ocr,6,1,gpt-5,gpt-5
189,out_of_domain,4,0,gpt-5,gpt-5
191,out_of_scope,5,0,gpt-5,gpt-5
192,missing_context,6,1,gpt-5,gpt-5
191,misspelled,6,1,gpt-5,gpt-5
193,misspelled,5,0,gpt-5,gpt-5
193,baseline,4,0,gpt-5,gpt-5
192,out_of_scope,5,0,gpt-5,gpt-5
193,missing_context,6,1,gpt-5,gpt-5
192,out_of_domain,6,1,gpt-5,gpt-5
193,incomplete,5,0,gpt-5,gpt-5
193,out_of_domain,5,0,gpt-5,gpt-5
192,misspelled,6,1,gpt-5,gpt-5
191,ocr,4,0,gpt-5,gpt-5
191,baseline,4,0,gpt-5,gpt-5
193,out_of_scope,6,1,gpt-5,gpt-5
193,ocr,4,0,gpt-5,gpt-5
191,incomplete,6,1,gpt-5,gpt-5
192,incomplete,6,1,gpt-5,gpt-5
192,baseline,6,1,gpt-5,gpt-5
194,baseline,6,1,gpt-5,gpt-5
191,out_of_domain,4,0,gpt-5,gpt-5
194,misspelled,6,1,gpt-5,gpt-5
195,missing_context,6,1,gpt-5,gpt-5
194,out_of_domain,6,1,gpt-5,gpt-5
192,ocr,6,1,gpt-5,gpt-5
194,incomplete,6,1,gpt-5,gpt-5
194,missing_context,6,1,gpt-5,gpt-5
195,misspelled,5,0,gpt-5,gpt-5
196,missing_context,6,1,gpt-5,gpt-5
194,ocr,6,1,gpt-5,gpt-5
195,baseline,5,0,gpt-5,gpt-5
197,baseline,5,0,gpt-5,gpt-5
195,incomplete,5,0,gpt-5,gpt-5
194,out_of_scope,5,0,gpt-5,gpt-5
195,out_of_scope,4,0,gpt-5,gpt-5
197,misspelled,5,0,gpt-5,gpt-5
197,incomplete,6,1,gpt-5,gpt-5
197,missing_context,6,1,gpt-5,gpt-5
195,out_of_domain,6,1,gpt-5,gpt-5
197,ocr,5,0,gpt-5,gpt-5
195,ocr,5,0,gpt-5,gpt-5
197,out_of_domain,5,0,gpt-5,gpt-5
196,ocr,5,0,gpt-5,gpt-5
198,missing_context,6,1,gpt-5,gpt-5
196,baseline,5,0,gpt-5,gpt-5
199,incomplete,5,0,gpt-5,gpt-5
199,baseline,5,0,gpt-5,gpt-5
196,out_of_scope,6,1,gpt-5,gpt-5
197,out_of_scope,5,0,gpt-5,gpt-5
199,ocr,5,0,gpt-5,gpt-5
199,missing_context,6,1,gpt-5,gpt-5
199,out_of_domain,5,0,gpt-5,gpt-5
199,misspelled,5,0,gpt-5,gpt-5
196,misspelled,4,0,gpt-5,gpt-5
196,out_of_domain,4,0,gpt-5,gpt-5
198,baseline,6,1,gpt-5,gpt-5
198,out_of_domain,6,1,gpt-5,gpt-5
198,incomplete,6,1,gpt-5,gpt-5
200,missing_context,6,1,gpt-5,gpt-5
198,ocr,6,1,gpt-5,gpt-5
196,incomplete,5,0,gpt-5,gpt-5
199,out_of_scope,4,0,gpt-5,gpt-5
200,misspelled,5,0,gpt-5,gpt-5
200,out_of_domain,5,0,gpt-5,gpt-5
200,baseline,5,0,gpt-5,gpt-5
198,misspelled,6,1,gpt-5,gpt-5
198,out_of_scope,6,1,gpt-5,gpt-5
201,missing_context,6,1,gpt-5,gpt-5
201,incomplete,5,0,gpt-5,gpt-5
201,baseline,5,0,gpt-5,gpt-5
200,incomplete,5,0,gpt-5,gpt-5
201,ocr,5,0,gpt-5,gpt-5
202,missing_context,6,1,gpt-5,gpt-5
200,out_of_scope,6,1,gpt-5,gpt-5
200,ocr,5,0,gpt-5,gpt-5
201,misspelled,5,0,gpt-5,gpt-5
201,out_of_domain,5,0,gpt-5,gpt-5
203,missing_context,6,1,gpt-5,gpt-5
201,out_of_scope,4,0,gpt-5,gpt-5
202,out_of_scope,6,1,gpt-5,gpt-5
203,misspelled,6,1,gpt-5,gpt-5
202,baseline,6,1,gpt-5,gpt-5
204,out_of_domain,5,0,gpt-5,gpt-5
204,incomplete,5,0,gpt-5,gpt-5
204,baseline,5,0,gpt-5,gpt-5
204,missing_context,6,1,gpt-5,gpt-5
203,out_of_scope,6,1,gpt-5,gpt-5
204,misspelled,5,0,gpt-5,gpt-5
204,ocr,5,0,gpt-5,gpt-5
203,baseline,6,1,gpt-5,gpt-5
202,out_of_domain,6,1,gpt-5,gpt-5
203,out_of_domain,6,1,gpt-5,gpt-5
202,misspelled,6,1,gpt-5,gpt-5
203,ocr,6,1,gpt-5,gpt-5
203,incomplete,6,1,gpt-5,gpt-5
205,baseline,6,1,gpt-5,gpt-5
205,misspelled,6,1,gpt-5,gpt-5
205,ocr,6,1,gpt-5,gpt-5
206,incomplete,5,0,gpt-5,gpt-5
206,missing_context,6,1,gpt-5,gpt-5
206,baseline,5,0,gpt-5,gpt-5
205,out_of_domain,6,1,gpt-5,gpt-5
202,ocr,6,1,gpt-5,gpt-5
202,incomplete,6,1,gpt-5,gpt-5
205,missing_context,6,1,gpt-5,gpt-5
206,misspelled,5,0,gpt-5,gpt-5
206,out_of_domain,5,0,gpt-5,gpt-5
207,missing_context,6,1,gpt-5,gpt-5
205,out_of_scope,6,1,gpt-5,gpt-5
207,out_of_scope,6,1,gpt-5,gpt-5
206,out_of_scope,5,0,gpt-5,gpt-5
208,missing_context,6,1,gpt-5,gpt-5
206,ocr,5,0,gpt-5,gpt-5
204,out_of_scope,6,1,gpt-5,gpt-5
205,incomplete,6,1,gpt-5,gpt-5
209,misspelled,6,1,gpt-5,gpt-5
209,baseline,6,1,gpt-5,gpt-5
208,out_of_scope,4,0,gpt-5,gpt-5
208,baseline,2,0,gpt-5,gpt-5
208,out_of_domain,6,1,gpt-5,gpt-5
207,incomplete,6,1,gpt-5,gpt-5
209,incomplete,6,1,gpt-5,gpt-5
207,misspelled,6,1,gpt-5,gpt-5
209,missing_context,6,1,gpt-5,gpt-5
207,baseline,6,1,gpt-5,gpt-5
209,out_of_domain,6,1,gpt-5,gpt-5
208,incomplete,4,0,gpt-5,gpt-5
209,ocr,6,1,gpt-5,gpt-5
208,ocr,6,1,gpt-5,gpt-5
210,missing_context,6,1,gpt-5,gpt-5
207,ocr,6,1,gpt-5,gpt-5
211,missing_context,6,1,gpt-5,gpt-5
210,incomplete,6,1,gpt-5,gpt-5
208,misspelled,6,1,gpt-5,gpt-5
209,out_of_scope,6,1,gpt-5,gpt-5
210,misspelled,6,1,gpt-5,gpt-5
210,baseline,6,1,gpt-5,gpt-5
211,baseline,3,0,gpt-5,gpt-5
210,out_of_scope,6,1,gpt-5,gpt-5
211,ocr,3,0,gpt-5,gpt-5
210,ocr,3,0,gpt-5,gpt-5
212,missing_context,6,1,gpt-5,gpt-5
211,out_of_domain,3,0,gpt-5,gpt-5
207,out_of_domain,6,1,gpt-5,gpt-5
210,out_of_domain,5,0,gpt-5,gpt-5
211,out_of_scope,4,0,gpt-5,gpt-5
213,missing_context,6,1,gpt-5,gpt-5
211,misspelled,3,0,gpt-5,gpt-5
213,baseline,6,1,gpt-5,gpt-5
213,incomplete,6,1,gpt-5,gpt-5
211,incomplete,3,0,gpt-5,gpt-5
212,incomplete,6,1,gpt-5,gpt-5
212,out_of_scope,5,0,gpt-5,gpt-5
213,ocr,5,0,gpt-5,gpt-5
213,out_of_domain,6,1,gpt-5,gpt-5
214,baseline,5,0,gpt-5,gpt-5
212,ocr,6,1,gpt-5,gpt-5
212,baseline,6,1,gpt-5,gpt-5
213,misspelled,5,0,gpt-5,gpt-5
212,misspelled,6,1,gpt-5,gpt-5
212,out_of_domain,6,1,gpt-5,gpt-5
214,missing_context,6,1,gpt-5,gpt-5
215,misspelled,5,0,gpt-5,gpt-5
214,out_of_scope,6,1,gpt-5,gpt-5
214,ocr,5,0,gpt-5,gpt-5
215,incomplete,5,0,gpt-5,gpt-5
215,baseline,5,0,gpt-5,gpt-5
214,incomplete,6,1,gpt-5,gpt-5
216,missing_context,6,1,gpt-5,gpt-5
215,ocr,3,0,gpt-5,gpt-5
215,missing_context,6,1,gpt-5,gpt-5
216,out_of_scope,6,1,gpt-5,gpt-5
214,out_of_domain,6,1,gpt-5,gpt-5
217,incomplete,6,1,gpt-5,gpt-5
215,out_of_domain,5,0,gpt-5,gpt-5
217,out_of_domain,6,1,gpt-5,gpt-5
217,misspelled,6,1,gpt-5,gpt-5
215,out_of_scope,5,0,gpt-5,gpt-5
214,misspelled,5,0,gpt-5,gpt-5
217,baseline,6,1,gpt-5,gpt-5
218,missing_context,6,1,gpt-5,gpt-5
216,ocr,6,1,gpt-5,gpt-5
216,misspelled,6,1,gpt-5,gpt-5
217,out_of_scope,6,1,gpt-5,gpt-5
217,missing_context,6,1,gpt-5,gpt-5
216,baseline,4,0,gpt-5,gpt-5
213,out_of_scope,6,1,gpt-5,gpt-5
217,ocr,6,1,gpt-5,gpt-5
216,incomplete,6,1,gpt-5,gpt-5
218,baseline,6,1,gpt-5,gpt-5
218,misspelled,6,1,gpt-5,gpt-5
218,incomplete,6,1,gpt-5,gpt-5
219,baseline,5,0,gpt-5,gpt-5
219,misspelled,5,0,gpt-5,gpt-5
219,missing_context,6,1,gpt-5,gpt-5
216,out_of_domain,6,1,gpt-5,gpt-5
218,out_of_domain,6,1,gpt-5,gpt-5
218,ocr,6,1,gpt-5,gpt-5
219,ocr,5,0,gpt-5,gpt-5
219,incomplete,6,1,gpt-5,gpt-5
218,out_of_scope,6,1,gpt-5,gpt-5
219,out_of_domain,6,1,gpt-5,gpt-5
219,out_of_scope,5,0,gpt-5,gpt-5
182,incomplete,6,1,gpt-5,gpt-5
186,misspelled,6,1,gpt-5,gpt-5
