id,gender,masterCategory,subCategory,articleType,baseColour,season,year,usage,productDisplayName
27152,Men,Apparel,Topwear,Shirts,Blue,Summer,2012.0,Formal,Mark Taylor Men Striped Blue Shirt
10469,Men,Apparel,Topwear,Tshirts,Yellow,Fall,2011.0,Casual,Flying Machine Men Yellow Polo Tshirts
17169,Men,Apparel,Topwear,Shirts,Maroon,Fall,2011.0,Casual,U.S. Polo Assn. Men Checks Maroon Shirt
56702,Men,Apparel,Topwear,Kurtas,Blue,Summer,2012.0,Ethnic,Fabindia Men Blue Kurta
47062,Women,Apparel,Bottomwear,Patiala,Multi,Fall,2012.0,Ethnic,Shree Women Multi Colored Patiala
16035,Men,Apparel,Topwear,Shirts,White,Fall,2011.0,Casual,Highlander Men Check White Shirt
49783,Women,Apparel,Loungewear and Nightwear,Night suits,Grey Melange,Summer,2012.0,Casual,Little Miss Intimates Grey & Black Pyjama Set
2265,Women,Apparel,Topwear,Tshirts,Orange,Fall,2010.0,Sports,Nike Womens NIKE MILER SS TOP T-shirt
18578,Women,Apparel,Topwear,Sweatshirts,Black,Fall,2011.0,Casual,Puma Women Black Sweatshirt
3071,Women,Apparel,Topwear,Tshirts,Blue,Summer,2011.0,Casual,Tantra Women's Shlokas Blue T-shirt
42020,Men,Footwear,Shoes,Casual Shoes,Brown,Summer,2012.0,Casual,ADIDAS Men Brown Mudslide Shoes
7069,Men,Apparel,Topwear,Tshirts,Grey,Summer,2011.0,Casual,Timberland Men's Wild Cats Cycle Grey T-shirt
11304,Women,Apparel,Bottomwear,Jeans,Blue,Fall,2011.0,Casual,Wrangler Women Blue Custom Jeans
16491,Men,Apparel,Topwear,Tshirts,Grey,Fall,2011.0,Casual,Locomotive Men Printed Grey TShirt
14041,Men,Apparel,Topwear,Shirts,Brown,Winter,2016.0,Casual,Flying Machine Men Check Brown Shirts
14372,Women,Footwear,Shoes,Heels,Green,Winter,2015.0,Casual,Catwalk Women Casual Green Flats
57993,Women,Apparel,Dress,Dresses,Beige,Fall,2012.0,Casual,Latin Quarters Women Beige Dress
24589,Women,Apparel,Topwear,Kurtas,Brown,Fall,2011.0,Ethnic,Vishudh Women Brown Printed Kurta
11580,Women,Apparel,Topwear,Kurtas,White,Summer,2011.0,Ethnic,W Women Printed White Kurtas
3989,Men,Apparel,Topwear,Tshirts,Maroon,Summer,2011.0,Casual,Mr.Men Men's Surfer Chilly Pepper Maroon T-shirt
19430,Men,Apparel,Bottomwear,Shorts,Grey,Summer,2012.0,Casual,Quiksilver Men Grey Hammonds Cargo Shorts
24458,Women,Footwear,Flip Flops,Flip Flops,Purple,Summer,2012.0,Casual,Nike Women Solarsoft Thong Purple Flip Flops
9826,Women,Apparel,Topwear,Tshirts,Green,Fall,2011.0,Casual,Little Miss Women Printed Green T-shirt
14713,Men,Apparel,Bottomwear,Trousers,Brown,Fall,2011.0,Formal,Genesis Men Solid Brown Trousers
26594,Men,Footwear,Shoes,Sports Shoes,White,Summer,2012.0,Sports,Puma Men Jago Ripstop White Sports Shoes
6519,Men,Apparel,Bottomwear,Track Pants,Blue,Summer,2011.0,Sports,Nike Men Soccer Liga Black Track Pant
20755,Women,Footwear,Shoes,Casual Shoes,Blue,Fall,2011.0,Casual,Carlton London Women Peep Toe Denim Blue Casual shoes
6654,Men,Footwear,Flip Flops,Flip Flops,Brown,Summer,2011.0,Casual,Nike Men's Chinook Thong Brown Flip Flop
21896,Women,Apparel,Topwear,Kurtas,Blue,Fall,2011.0,Ethnic,BIBA Women Printed Blue Kurta
19663,Women,Apparel,Topwear,Tops,White,Summer,2011.0,Casual,United Colors of Benetton Women White Top
29166,Girls,Apparel,Dress,Dresses,Navy Blue,Summer,2012.0,Casual,United Colors of Benetton Girls Polka Dot Navy Blue Dress
14531,Men,Apparel,Topwear,Tshirts,Green,Fall,2011.0,Casual,Mark Taylor Men Printed Green Tshirts
39841,Girls,Apparel,Topwear,Tops,Pink,Summer,2012.0,Casual,Gini and Jony Girls Striped Pink Top
53124,Women,Apparel,Topwear,Tshirts,Pink,Summer,2012.0,Casual,Myntra Women Pink T-shirt
34172,Boys,Apparel,Topwear,Tshirts,Yellow,Summer,2012.0,Casual,Gini and Jony Boys Printed Yellow T-shirt
9345,Men,Apparel,Bottomwear,Shorts,Green,Fall,2011.0,Casual,Puma Men Checks Green Shorts
14650,Men,Apparel,Topwear,Tshirts,Blue,Fall,2011.0,Casual,Probase Men Face Print Blue Tshirts
53412,Women,Apparel,Topwear,Kurtas,Blue,Fall,2012.0,Ethnic,Alma Women Blue Printed Kurta
34295,Women,Apparel,Topwear,Dupatta,Orange,Summer,2012.0,Ethnic,Fabindia Orange Silk Dupatta
24599,Men,Apparel,Topwear,Tshirts,Purple,Fall,2011.0,Casual,Mr. Men Men Purple Printed T-shirt
48387,Men,Apparel,Bottomwear,Jeans,Blue,Summer,2012.0,Casual,French Connection Men Blue Jeans
23157,Men,Apparel,Topwear,Tshirts,Blue,Fall,2011.0,Casual,Mark Taylor Men Blue Printed T-shirt
38974,Men,Apparel,Topwear,Shirts,Black,Summer,2012.0,Formal,Arrow New York Men Black Check Slim Fit Shirt
44309,Men,Apparel,Bottomwear,Shorts,Brown,Summer,2012.0,Casual,Indian Terrain Men Brown Shorts
1983,Women,Apparel,Topwear,Tshirts,Blue,Fall,2010.0,Casual,ADIDAS Women Graphic Blue T-shirt
47642,Men,Footwear,Shoes,Casual Shoes,Black,Winter,2013.0,Casual,Carlton London Men Black Shoes
51214,Women,Footwear,Flip Flops,Flip Flops,Pink,Summer,2012.0,Casual,Globalite Women Pink Sandals
14720,Women,Apparel,Topwear,Tops,Purple,Fall,2011.0,Casual,Jealous 21 Women Casual Top Purple Tops
22244,Men,Footwear,Shoes,Casual Shoes,Blue,Summer,2011.0,Casual,ID Men Blue Casual Shoes
14325,Women,Apparel,Topwear,Tshirts,Pink,Fall,2011.0,Casual,ADIDAS Women Printed Pink T-shirt
34198,Men,Apparel,Topwear,Tshirts,Blue,Summer,2012.0,Casual,Proline Men Blue Striped Polo T-shirt
35808,Women,Footwear,Shoes,Heels,Cream,Summer,2012.0,Casual,Enroute Women Cream Flats
16522,Men,Apparel,Bottomwear,Jeans,Blue,Fall,2011.0,Casual,Locomotive Men Washed Blue Jeans
11323,Men,Apparel,Bottomwear,Jeans,Blue,Fall,2011.0,Casual,United Colors of Benetton Men Washed Blue Jeans
9594,Men,Apparel,Topwear,Shirts,White,Fall,2011.0,Casual,Scullers Men Scul Red White Shirts
23945,Men,Apparel,Topwear,Tshirts,White,Fall,2011.0,Casual,Provogue Men Printed White T-shirt
39287,Men,Footwear,Sandal,Sandals,Black,Summer,2018.0,Casual,Red Chief Men Black Sandals
19051,Women,Footwear,Shoes,Flats,Brown,Winter,2015.0,Casual,Catwalk Women Brown Sandals
32379,Women,Apparel,Dress,Dresses,Off White,Summer,2012.0,Casual,Arrow Woman Printed Multi Coloured Dress
47548,Women,Footwear,Shoes,Heels,Red,Winter,2012.0,Ethnic,Portia Women Red Heels
56891,Women,Footwear,Shoes,Heels,Red,Winter,2012.0,Casual,HM Women Red Flats
19787,Men,Apparel,Topwear,Tshirts,White,Winter,2016.0,Casual,U.S. Polo Assn. Men Solid White Tshirt
39242,Women,Apparel,Loungewear and Nightwear,Nightdress,Pink,Summer,2017.0,Casual,Femella Women Pink Nightdress
51810,Women,Apparel,Loungewear and Nightwear,Nightdress,Black,Summer,2016.0,Casual,Bwitch Black Nightdress
50876,Women,Apparel,Saree,Sarees,Green,Summer,2012.0,Ethnic,Prafful Green & Beige Crepe Sari
9984,Men,Apparel,Topwear,Tshirts,Green,Fall,2011.0,Sports,Nike Men As Value Runn Green T-Shirts
59663,Women,Apparel,Saree,Sarees,Green,Fall,2012.0,Ethnic,FNF Green Printed Evening Wear Sari
4313,Unisex,Apparel,Topwear,Tshirts,Pink,Summer,2011.0,Casual,Tantra Kid's Unisex Elephant Pink Kidswear
22366,Men,Apparel,Topwear,Tshirts,White,Fall,2011.0,Casual,Ed Hardy Men New Tiger White T-Shirt
4339,Men,Footwear,Shoes,Sports Shoes,Black,Summer,2012.0,Sports,Fila Men's Mythos Black Red Shoe
17495,Men,Footwear,Flip Flops,Flip Flops,Black,Summer,2012.0,Casual,Puma Men Black Drifter Cat II Flip Flops
56226,Men,Apparel,Loungewear and Nightwear,Night suits,Green,Summer,2016.0,Casual,SDL by Sweet Dreams Men Green & Grey Pyjama Set
17747,Men,Footwear,Shoes,Casual Shoes,Black,Fall,2011.0,Casual,Puma Men Track Cat Black Casual Shoe
26292,Men,Apparel,Topwear,Tshirts,Purple,Summer,2012.0,Casual,Proline Men Purple Striped Polo T-shirt
4090,Men,Apparel,Topwear,Tshirts,Red,Summer,2011.0,Casual,Classic Polo Men's Red T-shirt
24461,Men,Footwear,Shoes,Casual Shoes,Grey,Fall,2011.0,Casual,ADIDAS Men Grey Pural Desman Casual Shoes
16553,Men,Apparel,Topwear,Tshirts,White,Fall,2011.0,Casual,Basics Men White Printed Polo T-shirt
13966,Men,Apparel,Topwear,Tshirts,White,Fall,2011.0,Casual,Ed Hardy Men Solid White Tshirts
11464,Men,Apparel,Topwear,Tshirts,Blue,Fall,2011.0,Casual,United Colors of Benetton Men Light Winter Blue Tshirts
36223,Men,Footwear,Shoes,Sports Shoes,White,Summer,2012.0,Sports,Nike Men Air Quick Handle White & Black Sports Shoes
34403,Men,Apparel,Topwear,Tshirts,Black,Summer,2012.0,Casual,Myntra Men Back To The 70s Black T-shirt
47244,Men,Footwear,Shoes,Casual Shoes,Blue,Summer,2013.0,Casual,Playboy Men Blue Shoes
42653,Women,Apparel,Topwear,Kurtas,Black,Summer,2012.0,Ethnic,Alma Women Black Printed Kurta
1549,Men,Footwear,Shoes,Sports Shoes,White,Fall,2010.0,Sports,Puma Men's Jiyu Slip On Sneaker
16171,Men,Footwear,Shoes,Formal Shoes,Black,Fall,2011.0,Formal,Enroute Men Leather Black Formal Shoes
44914,Men,Apparel,Bottomwear,Track Pants,Blue,Summer,2012.0,Casual,Puma Men Blue Track Pants
10823,Men,Apparel,Topwear,Tshirts,Grey,Fall,2011.0,Casual,Wrangler Men Grey Polo Tshirts
33313,Men,Apparel,Topwear,Tshirts,Off White,Summer,2012.0,Casual,Jack & Jones Men Off White T-shirt
8556,Men,Apparel,Topwear,Tshirts,Orange,Fall,2011.0,Casual,Probase Men Speed Ski the Best performer Orange Tshirts
52380,Women,Apparel,Loungewear and Nightwear,Nightdress,Blue,Winter,2015.0,Casual,Red Rose Women Blue Nightdress
11554,Women,Apparel,Topwear,Kurtis,Pink,Summer,2011.0,Ethnic,W Women Printed Pink Kurtis
16206,Men,Apparel,Topwear,Tshirts,Green,Fall,2011.0,Casual,Puma Men Hazard Green TShirt
33576,Men,Apparel,Topwear,Tshirts,Navy Blue,Summer,2012.0,Casual,Wrangler Men Motoroil Navy Blue T-shirt
13657,Men,Footwear,Shoes,Sports Shoes,White,Fall,2011.0,Sports,ADIDAS White  Sports Shoe
4156,Men,Footwear,Shoes,Sports Shoes,White,Summer,2011.0,Sports,Nike Men's Vapour Club White Red Shoe
56696,Men,Apparel,Topwear,Kurtas,Teal,Summer,2012.0,Ethnic,Fabindia Men Teal Kurta
22722,Men,Footwear,Shoes,Casual Shoes,Grey,Fall,2011.0,Casual,Nike Men Toki Canvas Grey Casual Shoes
56649,Women,Apparel,Topwear,Kurtis,Cream,Fall,2012.0,Ethnic,Mumbai Slang Women Cream Kurti
6898,Women,Apparel,Bottomwear,Skirts,Cream,Summer,2011.0,Casual,Forever New Women's Formal Cream Skirt
7012,Men,Apparel,Topwear,Tshirts,Green,Summer,2011.0,Casual,Classic Polo Men's Green Polo With Grey Stripes T-shirt
10616,Women,Footwear,Flip Flops,Flip Flops,Gold,Fall,2011.0,Casual,Carlton London Women Glitterati Gold Slippers
30612,Boys,Apparel,Topwear,Tshirts,Red,Summer,2012.0,Sports,Nike Boys Printed Red T-shirt
54571,Women,Apparel,Topwear,Kurtas,Green,Summer,2012.0,Ethnic,Sushilas Women Printed Green Kurta
43332,Women,Apparel,Topwear,Tunics,Grey,Summer,2012.0,Casual,United Colors of Benetton Women Grey Tunic
47120,Boys,Footwear,Sandal,Sandals,Red,Winter,2012.0,Casual,Marvel Boys Red and Black Sandals
14508,Men,Apparel,Topwear,Tshirts,Navy Blue,Fall,2011.0,Sports,ADIDAS Men Solid Navy Blue Jerseys
6129,Unisex,Footwear,Sandal,Sandals,Black,Summer,2011.0,Casual,Puma Unisex Scuba Black Sandals
45595,Men,Footwear,Shoes,Formal Shoes,Brown,Summer,2013.0,Formal,Arrow Men Brown Formal Shoes
1591,Men,Apparel,Bottomwear,Shorts,Red,Fall,2010.0,Sports,Kipsta Men Red Shorts
36735,Women,Apparel,Topwear,Tshirts,Multi,Summer,2012.0,Casual,Spykar Women Cult Multi T-shirt
49809,Women,Footwear,Flip Flops,Flip Flops,White,Winter,2012.0,Casual,iPanema Women White Flip Flops
10403,Women,Apparel,Topwear,Tops,Purple,Fall,2011.0,Casual,Jealous 21 Women Uri Purple Tops
13985,Men,Footwear,Shoes,Casual Shoes,Black,Fall,2011.0,Casual,Puma Men Jiyu 2 Black Casual Shoes
44424,Women,Footwear,Shoes,Casual Shoes,White,Summer,2012.0,Casual,Gliders Women White & Red Fortes Shoes
59123,Men,Apparel,Topwear,Jackets,Black,Summer,2012.0,Casual,Just Natural Men Black Jacket
33304,Boys,Apparel,Topwear,Tshirts,Yellow,Summer,2012.0,Casual,Gini and Jony Boys Pack of 2 T-shirts
23917,Women,Footwear,Shoes,Casual Shoes,White,Summer,2012.0,Casual,Fila Women Paramount White Casual Shoes
31281,Men,Apparel,Topwear,Tshirts,Grey,Summer,2012.0,Casual,Puma Men Printed Grey T-shirt
40613,Women,Apparel,Topwear,Kurtas,Purple,Summer,2012.0,Ethnic,Span Women Purple Kurta
5241,Men,Footwear,Shoes,Sports Shoes,Grey,Summer,2011.0,Sports,Reebok Men's Cruiseon Charcoal Grey Shoe
23677,Men,Footwear,Sandal,Sandals,Brown,Summer,2012.0,Casual,Red Tape Men Cross Band Brown Sandals
57440,Women,Apparel,Topwear,Tshirts,Blue,Summer,2015.0,Casual,Angry Birds Women Blue T-shirt
41079,Men,Footwear,Flip Flops,Flip Flops,Brown,Summer,2012.0,Casual,Lotto Men Brown Caesar Slide Flip Flops
42010,Men,Footwear,Sandal,Sandals,Brown,Summer,2015.0,Casual,Estd. 1977 Men Brown Sandals
13131,Men,Footwear,Shoes,Formal Shoes,Brown,Fall,2012.0,Formal,Provogue Men Brown Formal Shoes
3797,Men,Footwear,Shoes,Casual Shoes,Black,Spring,2014.0,Casual,Converse Men Black & Red Shoes
6991,Men,Apparel,Topwear,Tshirts,White,Summer,2011.0,Casual,s.Oliver Men's Polo Grey Collar White T-shirt
31238,Men,Apparel,Topwear,Tshirts,Green,Summer,2012.0,Casual,Puma Men Schon Polo Green T-shirt
20144,Men,Apparel,Topwear,Shirts,White,Fall,2011.0,Casual,Wrangler Men Bull Classic Striped White Shirt
18994,Men,Apparel,Topwear,Tshirts,Black,Summer,2011.0,Casual,ADIDAS Originals Men G Tag Black Tshirt
6854,Men,Footwear,Shoes,Sports Shoes,Black,Summer,2011.0,Sports,Spalding Men's Running Black Yellow Shoe
16497,Men,Apparel,Topwear,Tshirts,Red,Fall,2011.0,Casual,Locomotive Men Printed Red TShirt
22284,Women,Footwear,Shoes,Heels,Gold,Winter,2012.0,Casual,Inc. 5 Women Casual Golden Heels
25909,Women,Apparel,Bottomwear,Leggings,Pink,Summer,2012.0,Casual,Femella Women Pink Leggings
19038,Women,Footwear,Shoes,Heels,Beige,Winter,2015.0,Casual,Catwalk Women Beige Heels
9974,Men,Apparel,Topwear,Tshirts,Black,Fall,2011.0,Sports,Nike Men Black Polo Tshirts
5766,Women,Apparel,Bottomwear,Jeans,Black,Summer,2011.0,Casual,Jealous 21 Women Black Jegging
58720,Men,Apparel,Topwear,Tshirts,White,Summer,2012.0,Casual,Puma Men White T-shirt
53051,Women,Apparel,Saree,Sarees,Maroon,Fall,2012.0,Ethnic,FNF Maroon Printed Sari
20785,Men,Apparel,Topwear,Sweatshirts,White,Fall,2011.0,Casual,Classic Polo Men Striped White Sweatshirt
8193,Men,Apparel,Topwear,Shirts,Blue,Summer,2011.0,Casual,Locomotive Men Solid Poplin Lamar Blue Shirts
59895,Women,Apparel,Dress,Dresses,Orange,Fall,2012.0,Casual,Femella Women Orange Dress
14580,Men,Apparel,Topwear,Shirts,Grey,Summer,2011.0,Casual,United Colors of Benetton Men Solid DK.Grey Shirts
10022,Men,Apparel,Topwear,Tshirts,Blue,Fall,2011.0,Sports,Nike Men Blue Polo Tshirts
37166,Women,Apparel,Topwear,Tops,Red,Summer,2012.0,Casual,United Colors of Benetton Women Red Top
1876,Men,Apparel,Topwear,Tshirts,White,Winter,2010.0,Casual,FIFA Mens Mexican Wave White T-shirt
17967,Men,Footwear,Sandal,Sandals,Black,Fall,2011.0,Casual,Puma Men Girija Black Slipper
14723,Women,Apparel,Topwear,Shirts,Maroon,Fall,2011.0,Casual,Scullers For Her Women Casual Shirt Maroon Shirts
7235,Men,Footwear,Shoes,Formal Shoes,Brown,Fall,2011.0,Formal,Rockport Men's Ragosta Brown Shoe
45796,Women,Footwear,Shoes,Flats,Green,Fall,2012.0,Casual,Senorita Women Green Sandals
40588,Women,Apparel,Topwear,Kurtas,Maroon,Summer,2012.0,Ethnic,Aurelia Women Maroon Kurta
16900,Men,Apparel,Topwear,Tshirts,Green,Fall,2011.0,Casual,Status Quo Men Green Polo Tshirt
53031,Women,Apparel,Saree,Sarees,Yellow,Fall,2012.0,Ethnic,FNF Printed Yellow Sari
22358,Men,Apparel,Topwear,Shirts,Beige,Fall,2011.0,Casual,John Players Men Solid Beige Shirt
36199,Boys,Apparel,Topwear,Tshirts,Black,Summer,2012.0,Casual,Gini Jony Boys Polo Black T-Shirt
3493,Men,Footwear,Shoes,Casual Shoes,Black,Summer,2011.0,Casual,ADIDAS Men Mactelo Black Daronx Shoe
18714,Women,Apparel,Topwear,Tops,Magenta,Fall,2011.0,Casual,Arrow Woman Issey Magenta Top
46216,Women,Apparel,Dress,Dresses,Pink,Summer,2012.0,Casual,AND Women Pink Dress
25843,Women,Apparel,Topwear,Kurtas,Purple,Summer,2012.0,Ethnic,Diva Women Printed Purple Kurta
44716,Men,Footwear,Flip Flops,Flip Flops,Green,Summer,2012.0,Casual,Lotto Men Green Flip Flops
16820,Men,Apparel,Bottomwear,Jeans,Blue,Fall,2011.0,Casual,Locomotive Men Washed Blue Jeans
52340,Women,Apparel,Loungewear and Nightwear,Nightdress,Blue,Winter,2015.0,Casual,Red Rose Women Blue Nightdress
6451,Women,Footwear,Flip Flops,Flip Flops,Black,Summer,2011.0,Casual,Lotto Women's Sunsets Black Purple Flip Flop
28525,Men,Apparel,Topwear,Tshirts,Black,Summer,2012.0,Casual,Nike Men Man U Core Black T-shirt
4499,Men,Footwear,Shoes,Sports Shoes,Grey,Summer,2011.0,Sports,Lotto Men's Chamonix Grey Shoe
5186,Men,Apparel,Topwear,Tshirts,Black,Summer,2011.0,Casual,Dark Knight Men's Joker Color Splash Black T-shirt
38288,Girls,Apparel,Topwear,Tops,Green,Summer,2012.0,Casual,Kids Ville Girls Green Printed Top
31593,Men,Apparel,Topwear,Tshirts,Grey,Summer,2012.0,Casual,Mark Taylor Men Printed Grey T-shirt
2371,Men,Footwear,Shoes,Casual Shoes,Brown,Winter,2018.0,Casual,Red Tape Semi Casual Brown Shoe
7605,Women,Footwear,Shoes,Sports Shoes,White,Summer,2011.0,Sports,Nike Women's Air Dict White Shoe
34733,Women,Footwear,Shoes,Sports Shoes,Blue,Summer,2012.0,Sports,Puma Women Faas 300 Blue & Pink Sports Shoes
9832,Women,Apparel,Topwear,Tshirts,Orange,Fall,2011.0,Casual,Little Miss Women Printed Rust T-shirt
16126,Women,Apparel,Topwear,Tshirts,Pink,Fall,2011.0,Casual,ADIDAS Women Pink TShirt
40751,Women,Footwear,Flip Flops,Flip Flops,Blue,Winter,2012.0,Casual,Roxy Women Blue Flip Flops
7454,Men,Apparel,Topwear,Tshirts,Navy Blue,Summer,2011.0,Casual,Proline Men Navy Polo T-shirt
41734,Women,Footwear,Shoes,Heels,Silver,Winter,2012.0,Casual,Catwalk Women Silver Flats
53394,Women,Apparel,Topwear,Kurtas,Blue,Fall,2012.0,Ethnic,Alma Women Blue and Sea Green Printed Kurta
53432,Men,Apparel,Topwear,Tshirts,Navy Blue,Summer,2012.0,Sports,ADIDAS Men Navy Blue Jersey
39978,Men,Footwear,Shoes,Casual Shoes,Brown,Summer,2013.0,Casual,GAS Men Brown Carroll Casual Shoes
44689,Women,Apparel,Topwear,Tshirts,Beige,Summer,2012.0,Casual,Wills Lifestyle Women Beige Victoria Laced T-shirt
8549,Men,Apparel,Topwear,Tshirts,Orange,Fall,2011.0,Casual,Basics Men Orange Polo T-shirt
4968,Men,Apparel,Topwear,Tshirts,Yellow,Summer,2011.0,Casual,Gini and Jony Boy's Kaffle Yellow Infant Kidswear
11821,Men,Footwear,Shoes,Casual Shoes,Black,Summer,2012.0,Casual,Playboy Men Casual Black Casual Shoes
47029,Women,Apparel,Topwear,Kurtas,Maroon,Fall,2012.0,Ethnic,Shree Women Maroon Printed Kurta
2162,Men,Apparel,Topwear,Shirts,Blue,Spring,2011.0,Casual,Probase Men Blue Slim Fit Solid Casual Shirt
40107,Men,Apparel,Topwear,Tshirts,Black,Summer,2012.0,Casual,ADIDAS Men Black T-shirt
19120,Unisex,Footwear,Flip Flops,Flip Flops,Red,Fall,2011.0,Casual,Lotto Unisex Shine Red Slippers
8200,Men,Apparel,Topwear,Tshirts,Black,Summer,2011.0,Casual,Locomotive Men Solid Lander Black T-Shirts
24415,Men,Footwear,Flip Flops,Flip Flops,Black,Summer,2012.0,Casual,ADIDAS Men Zeitfrei Slide Black Flip Flops
37803,Men,Apparel,Topwear,Shirts,Navy Blue,Summer,2012.0,Casual,John Players Men Navy Blue Cotton Linen Shirt
13215,Men,Footwear,Shoes,Sports Shoes,Grey,Spring,2012.0,Sports,ASICS Men Gel Enduro 7 Running Silver Sports Shoes
35651,Men,Footwear,Shoes,Formal Shoes,Brown,Summer,2012.0,Formal,U.S. Polo Assn. Men Brown Formal Shoes
37975,Men,Footwear,Shoes,Casual Shoes,Black,Fall,2012.0,Casual,Clarks Men Black Leather Casual Shoes
8004,Men,Apparel,Topwear,Tshirts,Black,Fall,2011.0,Sports,Fila Men's Round Neck Black Grey T-shirt
13240,Men,Apparel,Topwear,Jackets,White,Fall,2011.0,Casual,Palm Tree Kids Boys Solid White Jackets
2554,Women,Apparel,Topwear,Tshirts,White,Summer,2011.0,Casual,Domyos Women's Proteen White T-shirt
15868,Unisex,Footwear,Sandal,Sandals,Brown,Fall,2011.0,Casual,Warner Bros Kids Unisex TJ Playlogs Brown Sandals
29043,Men,Apparel,Bottomwear,Tracksuits,Navy Blue,Summer,2012.0,Sports,ADIDAS Men Navy Blue Tracksuit
59022,Women,Footwear,Shoes,Flats,Brown,Winter,2012.0,Casual,Carlton London Women Beige Flats
3647,Men,Footwear,Shoes,Casual Shoes,White,Summer,2012.0,Casual,Fila Men's Paramount White Navy Shoe
24304,Men,Apparel,Topwear,Sweatshirts,Black,Fall,2011.0,Casual,ADIDAS Men Printed Black Sweatshirt
6906,Women,Apparel,Topwear,Tshirts,Red,Summer,2011.0,Casual,Tantra Women's Cool Red T-shirt
28648,Women,Apparel,Topwear,Tshirts,Purple,Summer,2012.0,Sports,Nike Women Slim Crew Purple T-shirt
7416,Women,Apparel,Topwear,Kurtas,White,Summer,2011.0,Ethnic,W Women V Neck Solid Short Sleeve White Kurta
24362,Women,Apparel,Topwear,Kurtas,Brown,Fall,2011.0,Ethnic,Folklore Women Brown Printed Kurta
48490,Women,Apparel,Topwear,Tops,Purple,Winter,2011.0,Casual,French Connection Women Purple Top
32427,Men,Apparel,Bottomwear,Shorts,Black,Summer,2010.0,Casual,ADIDAS Men Black 3/4 Length Pants
57139,Women,Apparel,Bottomwear,Trousers,Black,Summer,2012.0,Casual,Elle Women Black Etra Slim Fit Trousers
57063,Women,Apparel,Topwear,Jackets,White,Summer,2012.0,Casual,Elle Women White Jacket
19003,Women,Apparel,Topwear,Sweatshirts,Red,Summer,2011.0,Casual,ADIDAS Originals Women Trefoil Hoodie Red Sweatshirt
34934,Women,Apparel,Topwear,Dupatta,Blue,Summer,2012.0,Ethnic,Fabindia Blue Dupatta
3606,Men,Footwear,Shoes,Casual Shoes,Black,Winter,2015.0,Casual,Converse Men Black Shoes
39909,Men,Footwear,Shoes,Sports Shoes,Orange,Summer,2012.0,Sports,ADIDAS Men Orange F10 Sports Shoes
14582,Women,Apparel,Topwear,Sweaters,Black,Fall,2011.0,Casual,United Colors of Benetton Women Solid Black Sweaters
6040,Men,Apparel,Topwear,Tshirts,Grey,Summer,2011.0,Casual,UCB Men's Applique Grey T-shirt
45733,Women,Apparel,Topwear,Kurtas,Magenta,Summer,2012.0,Ethnic,Folklore Women Magenta Kurta
39655,Men,Footwear,Shoes,Sports Shoes,White,Summer,2012.0,Sports,Lotto Men White Sports Shoes
38612,Women,Apparel,Topwear,Tshirts,White,Summer,2012.0,Casual,Nike Women White & Red Striped T-shirt
33699,Men,Footwear,Shoes,Formal Shoes,Brown,Winter,2012.0,Formal,Cobblerz Men Brown Formal Shoes
15745,Women,Footwear,Shoes,Sports Shoes,Silver,Summer,2012.0,Sports,Nike Women Transform III Silver Sports Shoes
34513,Men,Footwear,Flip Flops,Flip Flops,Black,Summer,2012.0,Casual,ADIDAS Men Adi Splash Black Flip Flop
49434,Unisex,Footwear,Shoes,Casual Shoes,Blue,Fall,2012.0,Casual,Vans Unisex Blue Authentic Shoes
3228,Women,Footwear,Shoes,Casual Shoes,Black,Fall,2010.0,Casual,Puma Women Sabadella Sequin Black Shoe
10495,Women,Apparel,Topwear,Shirts,Blue,Fall,2011.0,Casual,Flying Machine Women HS Blue Shirt
5955,Men,Apparel,Topwear,Shirts,Yellow,Summer,2011.0,Casual,Locomotive Men Yellow Checked Shirt
9542,Men,Apparel,Topwear,Tshirts,Red,Summer,2011.0,Sports,Nike Men Manu Auth Graphic Red T-Shirts
43687,Girls,Apparel,Topwear,Tops,Pink,Summer,2012.0,Casual,Doodle Girls Pink Top
31300,Men,Apparel,Topwear,Tshirts,Black,Summer,2012.0,Casual,Puma Men Summer Black T-shirt
25839,Women,Apparel,Topwear,Kurtas,Red,Summer,2012.0,Ethnic,Diva Women Printed Red Kurta
59445,Men,Apparel,Topwear,Shirts,White,Fall,2012.0,Formal,Arrow Men White Shirt
5901,Women,Footwear,Shoes,Casual Shoes,Black,Summer,2011.0,Casual,Puma Women's Corsica Tribal Black Shoe
28755,Women,Apparel,Topwear,Kurtas,Purple,Summer,2012.0,Ethnic,Aurelia Women Printed Purple Kurta
18402,Men,Footwear,Shoes,Casual Shoes,Black,Fall,2011.0,Casual,Skechers Men USA Black Shoe
23179,Men,Apparel,Topwear,Tshirts,Yellow,Fall,2011.0,Casual,Mark Taylor Men Yellow Printed T-shirt
33102,Women,Footwear,Shoes,Heels,Blue,Winter,2015.0,Casual,Catwalk Women Blue Flats
20671,Men,Apparel,Topwear,Tshirts,Black,Fall,2011.0,Casual,Classic Polo Men Striped Black Tshirt
25406,Men,Apparel,Topwear,Tshirts,White,Summer,2012.0,Sports,Nike Men White T-shirt
4324,Unisex,Apparel,Topwear,Tshirts,Orange,Summer,2011.0,Casual,Tantra Kid's Unisex Fault Brick Orange Kidswear
19023,Women,Footwear,Shoes,Heels,Silver,Winter,2015.0,Casual,Catwalk Women Sequins Sliver Heels
53406,Women,Apparel,Topwear,Kurtas,Red,Fall,2012.0,Ethnic,Alma Women Red Printed Kurta
24027,Men,Apparel,Topwear,Tshirts,Red,Fall,2011.0,Casual,Locomotive Men Printed Red T-shirt
3021,Men,Apparel,Topwear,Tshirts,Blue,Summer,2011.0,Casual,Lee Men's March Blue T-shirt
22124,Men,Footwear,Shoes,Formal Shoes,Brown,Summer,2011.0,Formal,Provogue Men Brown Formal Shoes
14519,Men,Apparel,Topwear,Shirts,White,Fall,2011.0,Formal,Mark Taylor Men White & Teal Blue Striped Shirt
42750,Women,Footwear,Shoes,Heels,Brown,Winter,2012.0,Casual,Rocia Women Brown Heels
40148,Girls,Apparel,Dress,Dresses,Blue,Summer,2012.0,Casual,Gini and Jony Girls Play Suit Blue Dress
44775,Men,Footwear,Shoes,Casual Shoes,White,Summer,2012.0,Casual,Lotto Men White Shoes
5702,Men,Footwear,Shoes,Casual Shoes,Black,Winter,2015.0,Casual,Skechers Men's Torino Black Shoe
15406,Men,Footwear,Shoes,Sports Shoes,White,Fall,2011.0,Sports,FILA Men FILA Boston White Sports Shoes
48252,Boys,Apparel,Topwear,Tshirts,Yellow,Summer,2012.0,Casual,The Amazing Spiderman Boys Yellow T-shirt
56718,Women,Apparel,Topwear,Kurtas,Navy Blue,Summer,2012.0,Ethnic,Folklore Women Navy Blue Kurta
20307,Women,Apparel,Topwear,Sweaters,White,Fall,2011.0,Casual,Jealous 21 Women Solid White Sweater
50145,Women,Footwear,Shoes,Heels,Black,Winter,2012.0,Casual,Rocia Women Black Flats
53397,Women,Apparel,Topwear,Kurtas,White,Fall,2012.0,Ethnic,Alma Women White & Mustard Printed Kurta
31451,Men,Apparel,Topwear,Tshirts,Red,Summer,2012.0,Sports,Nike Men Running Red Jersey
33201,Women,Apparel,Dress,Dresses,Cream,Summer,2012.0,Casual,Sepia Women Cream Dress
52928,Women,Apparel,Saree,Sarees,White,Fall,2012.0,Ethnic,FNF Multi Coloured Sari
40147,Girls,Apparel,Bottomwear,Capris,Blue,Summer,2012.0,Casual,Gini and Jony Girls Blue Pedal Pusher
22959,Men,Footwear,Shoes,Sports Shoes,White,Summer,2012.0,Sports,Reebok Men White Fusion Sports Shoes
45757,Women,Apparel,Topwear,Kurtas,Red,Summer,2012.0,Ethnic,Folklore Women Red Kurta
20156,Men,Apparel,Topwear,Tshirts,Navy Blue,Fall,2011.0,Casual,Wrangler Men Establish Navy Blue Shirt
7351,Men,Apparel,Topwear,Tshirts,Red,Fall,2011.0,Casual,Tantra Men's Holiday India Red T-shirt
17250,Men,Apparel,Topwear,Tshirts,Red,Fall,2011.0,Casual,U.S. Polo Assn. Men Red Printed T-shirt
52952,Women,Apparel,Saree,Sarees,Multi,Fall,2012.0,Ethnic,FNF Multi Coloured Sari
6331,Men,Apparel,Topwear,Shirts,Yellow,Summer,2011.0,Casual,UCB Men Ben Logo Yellow Shirt
4109,Men,Footwear,Sandal,Sandals,Navy Blue,Summer,2011.0,Casual,Fila Men Obsidian Navy Sandal
31938,Women,Apparel,Topwear,Kurtas,Turquoise Blue,Summer,2012.0,Ethnic,Mumbai Slang Women Printed Turquoise Blue Kurta
5086,Men,Apparel,Topwear,Tshirts,Black,Summer,2011.0,Casual,Wrangler Men's Bullrider Striper Polo Black T-shirt
37733,Men,Apparel,Topwear,Shirts,Grey,Summer,2012.0,Casual,John Players Men Check Grey Shirt
7572,Men,Apparel,Topwear,Tshirts,Orange,Summer,2011.0,Sports,Nike Men's As Miler UV SS Orange T-shirt
8969,Men,Footwear,Shoes,Sports Shoes,Black,Fall,2011.0,Sports,Puma Men 65cc Ducati Black Sports Shoes
20334,Men,Apparel,Topwear,Tshirts,Blue,Fall,2011.0,Casual,Mr.Men Men Printed Blue Tshirt
5926,Men,Footwear,Shoes,Casual Shoes,White,Summer,2011.0,Casual,ADIDAS Men's Derby Fresh Splash White Shoe
51801,Women,Apparel,Loungewear and Nightwear,Nightdress,Pink,Summer,2016.0,Casual,Bwitch Women Pink Nightdress
49819,Women,Footwear,Flip Flops,Flip Flops,Black,Winter,2012.0,Casual,iPanema Women Black Flip Flops
19426,Men,Apparel,Topwear,Shirts,Black,Summer,2012.0,Casual,Quiksilver Men Tar Pits Black Shirt
43921,Women,Apparel,Topwear,Tops,Peach,Summer,2012.0,Casual,Femella Women Peach Top
12052,Men,Apparel,Topwear,Tshirts,White,Fall,2011.0,Casual,Spykar Men White Polo T-Shirts
49470,Men,Footwear,Shoes,Casual Shoes,Maroon,Summer,2012.0,Casual,Vans Men Maroon Classic Slip On Shoes
16129,Men,Apparel,Topwear,Tshirts,Blue,Fall,2011.0,Sports,ADIDAS Men Blue Polo Tshirt
58797,Men,Apparel,Topwear,Shirts,Grey Melange,Fall,2012.0,Smart Casual,Highlander Men Grey Melange Shirt
34862,Men,Footwear,Shoes,Casual Shoes,Grey,Summer,2012.0,Casual,Vans Men Zapato Del Barco Grey Shoes
1545,Men,Footwear,Shoes,Casual Shoes,White,Fall,2010.0,Casual,Puma Men's Speed Cat Shoe
17680,Women,Footwear,Shoes,Heels,Grey,Winter,2015.0,Casual,Catwalk Women Flower Grey Heels
44444,Unisex,Footwear,Flip Flops,Flip Flops,Grey,Summer,2013.0,Casual,Gliders Unisex Grey Spiner Flip Flops
9229,Men,Apparel,Topwear,Shirts,Blue,Fall,2011.0,Formal,Mark Taylor Men Blue Striped Shirt
30319,Men,Apparel,Topwear,Tshirts,Pink,Summer,2012.0,Casual,Myntra Men Feared Strom Drive Pink T-shirt
52885,Women,Apparel,Saree,Sarees,Purple,Fall,2012.0,Ethnic,FNF Orange & Purple Sari
13449,Women,Apparel,Topwear,Shirts,Black,Summer,2011.0,Casual,United Colors of Benetton Women Solid Black Shirts
3262,Men,Apparel,Topwear,Tshirts,White,Summer,2011.0,Casual,Guerrilla Men's Need Money White T-shirt
28711,Women,Apparel,Topwear,Kurtas,White,Summer,2012.0,Ethnic,W Women Printed White Kurta
3454,Men,Footwear,Shoes,Sports Shoes,White,Summer,2011.0,Sports,ADIDAS Men Furano White Black Shoe
30863,Women,Apparel,Topwear,Kurtas,Blue,Summer,2012.0,Ethnic,Fabindia Women Blue Mangalgiri Kurta
11697,Men,Apparel,Topwear,Shirts,Blue,Fall,2011.0,Casual,Lee Men Check Blue Shirts
5578,Men,Footwear,Shoes,Sports Shoes,Grey,Summer,2011.0,Sports,Nike Men's Sweet Classic Leather Grey White Shoe
5869,Women,Apparel,Topwear,Tops,Yellow,Summer,2011.0,Casual,ADIDAS Women's Clean Yellow Top
9827,Women,Apparel,Topwear,Tshirts,White,Fall,2011.0,Casual,Little Miss Women Printed White T-shirt
44287,Men,Apparel,Topwear,Tshirts,Purple,Summer,2012.0,Casual,Indian Terrain Men Purple T-shirt
53875,Men,Footwear,Flip Flops,Flip Flops,Navy Blue,Summer,2012.0,Casual,U.S. Polo Assn. Men Navy Blue Flip Flops
28695,Women,Apparel,Topwear,Kurtas,Beige,Summer,2012.0,Ethnic,W Women Printed Beige Kurta
6664,Men,Footwear,Shoes,Sports Shoes,Grey,Summer,2011.0,Sports,Nike Men's Lunarglide 2 Grey White Blue Shoe
17826,Women,Footwear,Shoes,Casual Shoes,White,Fall,2011.0,Casual,Nike Women Court Majestic White Casual Shoe
24733,Men,Apparel,Topwear,Tshirts,Yellow,Summer,2011.0,Casual,United Colors of Benetton Men Yellow Printed T-shirt
5811,Women,Apparel,Topwear,Tshirts,White,Summer,2011.0,Casual,Puma Women's Pop White T-shirt
25590,Women,Apparel,Apparel Set,Kurta Sets,Beige,Fall,2011.0,Ethnic,Vishudh Women Beige & Green Printed Churidar Kurta with Dupatta
44906,Men,Apparel,Bottomwear,Shorts,White,Summer,2012.0,Casual,Puma Men White 3/4 Length Pants
56872,Women,Footwear,Shoes,Heels,Red,Winter,2012.0,Casual,HM Women Red Sandals
7209,Women,Apparel,Topwear,Tshirts,White,Fall,2011.0,Casual,Jealous 21 Women Purple Printed White T-shirt
52891,Women,Apparel,Saree,Sarees,Pink,Fall,2012.0,Ethnic,FNF Pink Printed Sari
38932,Girls,Apparel,Bottomwear,Leggings,Pink,Summer,2012.0,Casual,Gini and Jony Girls Pink Leggings
33184,Women,Apparel,Topwear,Tops,Blue,Summer,2012.0,Casual,Sepia Women Powder Blue Top
20715,Men,Footwear,Shoes,Casual Shoes,Black,Winter,2018.0,Smart Casual,Red Tape Men Black Leather Casual Shoes
19108,Men,Apparel,Topwear,Tshirts,Beige,Summer,2016.0,Casual,Campbell Men Pack of 3 Solid Tshirts
31016,Men,Apparel,Topwear,Shirts,White,Summer,2012.0,Formal,Arrow Men Striped White & Green Shirt
10673,Women,Apparel,Topwear,Tops,Black,Fall,2011.0,Casual,Doodle Girl Ballet School Black Tops
4898,Women,Apparel,Topwear,Tops,Green,Summer,2011.0,Casual,Levis Kids Girl's Desiree Green Teens Kidswear
1546,Men,Footwear,Shoes,Casual Shoes,White,Fall,2010.0,Casual,Puma Men's Furore White Shoe
31685,Men,Footwear,Shoes,Casual Shoes,White,Summer,2012.0,Casual,Nike Men Sweet Classic Leather White Shoes
3877,Men,Apparel,Topwear,Tshirts,Black,Summer,2011.0,Casual,Wrangler Men's Twill Applique Charcoal T-shirt
1988,Women,Apparel,Topwear,Tshirts,Red,Fall,2010.0,Sports,ADIDAS Womens Red Tank T-shirt
8180,Men,Apparel,Topwear,Shirts,Green,Summer,2011.0,Casual,Locomotive Men Check Ladd Green Shirts
27211,Men,Apparel,Topwear,Shirts,Purple,Summer,2012.0,Casual,Doodle Kids Boy Check Purple Shirt
6254,Women,Apparel,Topwear,Tshirts,White,Summer,2011.0,Casual,Lee Women's Shakira White Black T-shirt
3300,Men,Footwear,Shoes,Sports Shoes,Black,Spring,2011.0,Sports,Asics Men's Gel Cushioning Black Yellow Shoe
6222,Women,Apparel,Topwear,Tshirts,Green,Summer,2011.0,Casual,UCB Women's Round Neck Green T-shirt
6201,Men,Footwear,Shoes,Casual Shoes,Black,Winter,2015.0,Casual,Skechers Men Black Shoes
8816,Men,Apparel,Topwear,Shirts,Blue,Fall,2011.0,Casual,Spykar Men Ranger Blue Navy Checks Shirts
23189,Men,Apparel,Topwear,Shirts,Green,Fall,2011.0,Casual,Highlander Men Green Check Shirt
4539,Men,Apparel,Topwear,Tshirts,Blue,Summer,2011.0,Casual,Classic Polo Men's Blue T-shirt with Black Stripe
39639,Men,Footwear,Shoes,Casual Shoes,Black,Summer,2012.0,Casual,Lotto Men Black Shoes
5879,Women,Apparel,Topwear,Tshirts,Pink,Summer,2011.0,Casual,Puma Women's Polo Pink T-shirt
9766,Men,Apparel,Topwear,Tshirts,Black,Fall,2011.0,Sports,Puma Men Black Solid Sports T-shirt
39738,Men,Footwear,Sandal,Sandals,Brown,Summer,2012.0,Casual,Arrow Men Brown Sandals
22810,Men,Apparel,Topwear,Tshirts,Purple,Fall,2011.0,Casual,Locomotive Men Purple Printed Tshirt
3790,Men,Footwear,Shoes,Casual Shoes,Black,Summer,2014.0,Casual,Converse Men's AS Canvas HI Black Shoe
44915,Men,Apparel,Topwear,Tshirts,Blue,Summer,2012.0,Casual,Puma Men Blue T-shirt
48083,Women,Apparel,Dress,Dresses,Blue,Summer,2012.0,Casual,French Connection Women Blue Dress
9702,Men,Footwear,Shoes,Formal Shoes,Brown,Fall,2011.0,Formal,Hush Puppies Men Chevelle Brown Formal Shoes
11955,Men,Footwear,Shoes,Casual Shoes,Blue,Fall,2012.0,Casual,Ganuchi Men Casual Blue Casual Shoes
54129,Women,Footwear,Shoes,Heels,Beige,Winter,2012.0,Casual,Rocia Women Beige Flats
17971,Men,Footwear,Sandal,Sandals,Black,Fall,2011.0,Casual,Puma Men Rio Black Sandal
3917,Men,Apparel,Bottomwear,Track Pants,Grey,Summer,2011.0,Casual,Urban Yoga Men's Yoga Grey Track Pant
5475,Men,Footwear,Flip Flops,Flip Flops,Brown,Winter,2012.0,Casual,Nike Men Celso City Thong Brown Flip Flops
30732,Women,Apparel,Bottomwear,Churidar,Black,Summer,2012.0,Ethnic,Fabindia Women Black Churidar
39328,Girls,Apparel,Bottomwear,Shorts,Green,Summer,2012.0,Casual,Gini and Jony Girls Green Shorts
24466,Women,Footwear,Shoes,Sports Shoes,Grey,Summer,2011.0,Sports,Quechua Women Grey Sports Shoes
19811,Men,Apparel,Topwear,Sweatshirts,Black,Fall,2011.0,Casual,U.S. Polo Assn. Men Solid Black Sweatshirt
59666,Women,Apparel,Saree,Sarees,Multi,Fall,2012.0,Ethnic,FNF Multicoloured Evening Wear Sari
33825,Women,Footwear,Shoes,Sports Shoes,Silver,Summer,2012.0,Sports,Puma Women Kuris Silver & Grey Sports Shoes
39580,Women,Footwear,Shoes,Heels,Brown,Winter,2015.0,Casual,Catwalk Women Brown Flats
9191,Men,Apparel,Bottomwear,Jeans,Blue,Fall,2011.0,Casual,SPYKAR Men Slim Fit Free Republic Wheeler Spirit Blue Jeans
52372,Women,Apparel,Loungewear and Nightwear,Nightdress,Green,Winter,2015.0,Casual,Red Rose Women Green Nightdress
47247,Men,Footwear,Shoes,Casual Shoes,Blue,Summer,2013.0,Casual,Playboy Men Blue Canvas Shoes
48481,Women,Apparel,Dress,Dresses,Black,Summer,2012.0,Casual,French Connection Black Dress
59931,Women,Apparel,Topwear,Kurtas,White,Summer,2012.0,Ethnic,Diva Women White Kurta
50713,Boys,Apparel,Topwear,Tshirts,Yellow,Summer,2012.0,Casual,Doodle Boys Yellow Printed T-Shirt
11950,Men,Footwear,Shoes,Casual Shoes,Beige,Summer,2012.0,Casual,Ganuchi Men Brown Shoes
17023,Women,Footwear,Shoes,Flats,Black,Winter,2012.0,Casual,Rocia Women Casual Black Sandal
46745,Men,Apparel,Bottomwear,Track Pants,Charcoal,Summer,2012.0,Sports,Nike Men Black Track Pants
53312,Men,Apparel,Topwear,Tshirts,Blue,Summer,2012.0,Casual,Locomotive Men Blue T-shirt
32590,Women,Apparel,Bottomwear,Shorts,Brown,Summer,2012.0,Casual,ONLY Women Brown Shorts
49373,Men,Footwear,Shoes,Casual Shoes,Black,Summer,2012.0,Casual,Vans Men Black Casual Shoes
31330,Men,Footwear,Shoes,Casual Shoes,Brown,Summer,2012.0,Casual,Franco Leone Men Brown Shoes
51444,Women,Apparel,Topwear,Shirts,Blue,Summer,2012.0,Formal,Myntra Women Light Blue Shirt
42997,Men,Footwear,Flip Flops,Flip Flops,Purple,Summer,2012.0,Casual,Nike Men Purple Solarsoft Thong Flip Flops
45403,Women,Footwear,Shoes,Flats,Black,Winter,2012.0,Casual,Rocia Women Black & Brown Sandals
34076,Women,Footwear,Shoes,Flats,White,Fall,2012.0,Casual,Clarks Women White Leather Ballerinas
43371,Men,Footwear,Shoes,Sports Shoes,White,Summer,2012.0,Sports,Reebok Men White Acciomax III Sports Shoes
9667,Men,Apparel,Topwear,Shirts,Purple,Fall,2011.0,Casual,Indigo Nation Men Bling Red Black Shirts
12078,Women,Apparel,Topwear,Kurtas,Pink,Fall,2011.0,Ethnic,W Women Printed Pink Kurtas
34288,Women,Apparel,Topwear,Dupatta,Off White,Summer,2012.0,Ethnic,Fabindia Women Off White Chanderi Dupatta
17841,Women,Footwear,Shoes,Sports Shoes,White,Fall,2011.0,Sports,Nike Women City Court White Sports Shoe
6104,Women,Apparel,Topwear,Tshirts,Navy Blue,Summer,2011.0,Casual,UCB Women's Basic Round Neck Navy Blue T-shirt
18197,Men,Apparel,Bottomwear,Trousers,Navy Blue,Fall,2011.0,Casual,Highlander Men Solid Navy Blue Trouser
41077,Men,Footwear,Sandal,Sandals,Brown,Summer,2012.0,Casual,Lotto Men Brown Tread Sandals
3561,Men,Footwear,Shoes,Casual Shoes,Black,Winter,2015.0,Casual,Skechers Men's Zeta Black Lifestyle Casual Shoe
1809,Women,Apparel,Topwear,Tshirts,Blue,Fall,2010.0,Sports,Decathlon Profilter Women Blue T-shirt
7307,Women,Apparel,Topwear,Tops,White,Summer,2011.0,Casual,UCB Women Sleeveless White Top
39965,Men,Footwear,Shoes,Casual Shoes,Navy Blue,Spring,2013.0,Casual,GAS Men Navy Blue Brixton Casual Shoes
22773,Women,Apparel,Topwear,Kurtas,White,Summer,2011.0,Ethnic,BIBA Women Printed White Kurta
51334,Men,Apparel,Bottomwear,Rain Trousers,Navy Blue,Summer,2012.0,,Wildcraft Men Navy Blue Rain Trousers
7677,Men,Apparel,Topwear,Tshirts,Red,Fall,2011.0,Sports,Puma Men's Polo Neck Red T-shirt
33020,Women,Apparel,Topwear,Kurtas,Yellow,Summer,2012.0,Ethnic,Mother Earth Women Printed Yellow Kurta
19846,Men,Apparel,Topwear,Shirts,Navy Blue,Fall,2011.0,Casual,U.S. Polo Assn. Men Striped Navy Blue Shirt
38766,Girls,Apparel,Bottomwear,Shorts,Pink,Summer,2012.0,Casual,Gini and Jony Girls Pink Shorts
41873,Men,Footwear,Sandal,Sandals,Brown,Summer,2016.0,Casual,Estd. 1977 Men Brown Sandals
24539,Women,Apparel,Topwear,Kurtis,Red,Fall,2011.0,Ethnic,Mother Earth Women Red  Printed Kurti
5771,Women,Apparel,Bottomwear,Jeans,Black,Summer,2011.0,Casual,Jealous 21 Women's Black Grey Jegging
57518,Men,Footwear,Shoes,Casual Shoes,Tan,Summer,2013.0,Smart Casual,Provogue Men Tan Brown Leather Casual Shoes
2841,Men,Apparel,Topwear,Tshirts,Grey,Summer,2011.0,Casual,Mr.Men Men's Its Gonna Get Messy Grey T-shirt
59021,Women,Footwear,Shoes,Heels,Red,Winter,2012.0,Casual,Carlton London Women Red Heels
20666,Men,Apparel,Topwear,Tshirts,Grey,Fall,2011.0,Casual,Classic Polo Men Striped Grey Tshirt
28925,Men,Apparel,Topwear,Tshirts,Blue,Summer,2012.0,Casual,Mr. Men Printed Blue T-shirt
7688,Men,Apparel,Bottomwear,Shorts,Grey,Fall,2011.0,Sports,Puma Men's Logo Bermuda Grey Short
13650,Men,Footwear,Shoes,Sports Shoes,White,Fall,2011.0,Sports,ADIDAS White  Snova Sequence 4M Sports Shoe
34829,Men,Footwear,Shoes,Sports Shoes,Navy Blue,Summer,2012.0,Sports,ADIDAS Men Bolt Navy Blue Sports Shoes
3427,Men,Apparel,Topwear,Tshirts,Black,Summer,2011.0,Casual,Myntra Men's I Have Healing Hand Black T-shirt
24191,Unisex,Footwear,Shoes,Casual Shoes,Black,Summer,2012.0,Casual,Converse Unisex Chuck Taylor All Star Print Black Casual Shoes
54544,Men,Footwear,Shoes,Sports Shoes,Black,Fall,2012.0,Sports,F Sports Men Black Pace Sports Shoes
38940,Boys,Apparel,Bottomwear,Shorts,Blue,Summer,2012.0,Casual,Palm Tree Boys Blue Shorts
35788,Women,Footwear,Shoes,Heels,Black,Summer,2012.0,Casual,Enroute Women Black Heels
9562,Men,Footwear,Shoes,Formal Shoes,Brown,Summer,2011.0,Formal,Lee Cooper Men Jarrikan Brown Formal Shoes
7138,Women,Apparel,Topwear,Tunics,Black,Fall,2011.0,Casual,Scullers For Her Women Lace Black Silver Tunics
15339,Women,Apparel,Bottomwear,Shorts,Grey,Fall,2011.0,Sports,Nike Women Solid Grey Shorts
24098,Men,Footwear,Sandal,Sandals,Black,Summer,2012.0,Casual,Red Tape Men Black Sandals
3938,Women,Apparel,Topwear,Tshirts,White,Summer,2011.0,Casual,Jealous 21 Women's White Blue T-shirt
32276,Women,Apparel,Topwear,Kurtas,Olive,Summer,2012.0,Ethnic,Vishudh Women Printed Olive Kurta
11894,Men,Footwear,Sandal,Sandals,Tan,Summer,2013.0,Casual,Franco Leone Men Casual Tan Sandals
29044,Men,Apparel,Topwear,Tshirts,Grey,Summer,2012.0,Casual,ADIDAS Men Grey T-shirt
24054,Men,Apparel,Topwear,Tshirts,Blue,Fall,2011.0,Casual,Locomotive Men Printed Blue T-shirt
19123,Men,Footwear,Flip Flops,Flip Flops,Silver,Fall,2011.0,Casual,Lotto Men XL Water Man Silver Slippers
21741,Unisex,Footwear,Shoes,Casual Shoes,White,Fall,2011.0,Casual,Vans Unisex Authentic Lo Pro White Casual Shoes
7340,Men,Apparel,Topwear,Tshirts,White,Fall,2011.0,Casual,Tantra Men's Shanti White T-shirt
23854,Men,Footwear,Shoes,Sports Shoes,Grey,Fall,2011.0,Sports,ADIDAS Men Grey Stride Sports Shoes
16122,Men,Apparel,Topwear,Tshirts,White,Fall,2011.0,Sports,ADIDAS Men White Polo Tshirt
19634,Women,Apparel,Topwear,Tops,Black,Summer,2011.0,Casual,United Colors of Benetton Women Solid Black Top
22771,Women,Apparel,Topwear,Kurtas,Blue,Summer,2011.0,Ethnic,BIBA Women Printed Blue Kurta
12823,Men,Footwear,Shoes,Casual Shoes,Yellow,Fall,2011.0,Casual,Lotto Men Dynamo Yellow Casual Shoes
56701,Men,Apparel,Topwear,Kurtas,White,Summer,2012.0,Ethnic,Fabindia Men Striped White Kurta
20942,Men,Footwear,Flip Flops,Flip Flops,Green,Fall,2011.0,Casual,ADIDAS Men Adi Neo Tread Green Flip Flops
9132,Men,Footwear,Shoes,Sports Shoes,White,Summer,2011.0,Sports,Puma Men Excitemo TT White Sports Shoes
42131,Men,Footwear,Shoes,Sports Shoes,Black,Summer,2012.0,Sports,Nike Men Black Air Max Sports Shoes
15700,Women,Footwear,Shoes,Heels,Pink,Winter,2015.0,Casual,Catwalk Women Casual Pink Flats
10741,Unisex,Footwear,Flip Flops,Flip Flops,Yellow,Winter,2012.0,Casual,Disney Unisex Kids Mickey Mouse Yellow Flip Flops
34391,Men,Apparel,Topwear,Tshirts,Red,Summer,2012.0,Casual,Myntra Men Red Prayer T-shirt
40294,Unisex,Footwear,Flip Flops,Flip Flops,Yellow,Fall,2012.0,Casual,Warner Bros Kids Unisex Yellow Flip Flops
22467,Men,Apparel,Topwear,Shirts,Olive,Summer,2011.0,Casual,Timberland Men Olive Vintage Rugged Shirt
4226,Men,Apparel,Topwear,Tshirts,Grey,Summer,2011.0,Casual,Probase Men's Last Week Grey T-shirt
3879,Men,Apparel,Topwear,Tshirts,Blue,Summer,2011.0,Casual,Wrangler Men's Concert Blue T-shirt
22019,Women,Apparel,Topwear,Kurtas,Brown,Fall,2011.0,Ethnic,Vishudh Women Printed Brown Kurta
9691,Men,Apparel,Topwear,Tshirts,Blue,Fall,2011.0,Casual,Classic Polo Men Ikon Blue Polo Tshirts
3655,Men,Footwear,Shoes,Casual Shoes,Black,Summer,2011.0,Casual,Fila Men's Batec Black Shoe
13352,Men,Footwear,Shoes,Casual Shoes,Brown,Fall,2011.0,Casual,Timberland Men Jeunes Brown Casual Shoes
44921,Men,Apparel,Bottomwear,Shorts,Blue,Summer,2012.0,Casual,Puma Men Blue Shorts
23178,Men,Apparel,Topwear,Tshirts,Yellow,Fall,2011.0,Casual,Mark Taylor Men Yellow Printed T-shirt
43539,Women,Apparel,Topwear,Tops,White,Summer,2012.0,Casual,French Connection Women Multicoloured Striped Top
24776,Men,Footwear,Shoes,Sports Shoes,Bronze,Spring,2012.0,Casual,Nike Men Obs T-Lite 9 Sl Bronze Sports Shoes
32634,Women,Apparel,Bottomwear,Track Pants,Grey,Summer,2012.0,Sports,Nike Women Legend Slim Poly Grey Track Pants
3629,Unisex,Footwear,Flip Flops,Flip Flops,White,Summer,2011.0,Casual,Puma Unisex Tropi Cat Graphic White Yellow Flip Flop
6237,Women,Apparel,Topwear,Tshirts,White,Summer,2011.0,Casual,Lee Women's Iris White T-shirt
3672,Men,Footwear,Shoes,Sports Shoes,Black,Summer,2011.0,Sports,Fila Men's Speed Up Black Silver Shoe
24505,Women,Apparel,Topwear,Kurtas,Red,Fall,2011.0,Ethnic,Mother Earth Women Red Printed Kurta
39113,Men,Apparel,Topwear,Tshirts,Red,Summer,2012.0,Casual,Angry Birds Men Red Printed T-shirt
8284,Men,Footwear,Sandal,Sandals,Black,Fall,2011.0,Casual,Skechers Men Arnold Black Floater
41839,Men,Footwear,Flip Flops,Flip Flops,Red,Summer,2012.0,Casual,Lotto Men Red Game Flip Flops
43307,Women,Apparel,Topwear,Shirts,White,Summer,2012.0,Casual,United Colors of Benetton Women White Shirt
3566,Men,Footwear,Shoes,Sports Shoes,White,Summer,2011.0,Sports,ADIDAS Men's White Silver Running Shoe
35666,Men,Footwear,Flip Flops,Flip Flops,Blue,Summer,2013.0,Casual,U.S. Polo Assn. Men Blue Flip Flops
19815,Men,Apparel,Topwear,Sweatshirts,Green,Fall,2011.0,Casual,U.S. Polo Assn. Men Solid Green Sweatshirt
12230,Men,Apparel,Topwear,Shirts,Pink,Fall,2011.0,Formal,Genesis Pink & White Striped Formal Shirt
18552,Women,Footwear,Shoes,Flats,Black,Winter,2015.0,Casual,Catwalk Women Black Shoe
42585,Men,Apparel,Topwear,Tshirts,Black,Fall,2012.0,Casual,United Colors of Benetton Mens Black Polo T-shirt
1548,Men,Footwear,Shoes,Sports Shoes,White,Fall,2010.0,Sports,Puma Men's Cell Exsis Sneaker
19866,Women,Footwear,Flip Flops,Flip Flops,White,Fall,2011.0,Casual,ADIDAS Women Soft Striped White Flip Flops
5724,Unisex,Footwear,Sandal,Sandals,Black,Summer,2011.0,Casual,Reebok Unisex Drive Black Floater
12890,Men,Footwear,Shoes,Casual Shoes,Black,Fall,2011.0,Casual,Puma Men Cell Tolero Black Casual Shoes
9835,Women,Apparel,Topwear,Tshirts,Grey,Fall,2011.0,Casual,Little Miss Women Printed Grey T-shirt
40629,Women,Apparel,Topwear,Kurtas,Olive,Summer,2012.0,Ethnic,Span Women Olive Green Kurta
42122,Men,Apparel,Bottomwear,Shorts,Navy Blue,Summer,2012.0,Casual,ADIDAS Men Navy Blue Shorts
19337,Men,Apparel,Topwear,Jackets,Black,Fall,2011.0,Casual,United Colors of Benetton Men Stripes Black Jacket
56679,Women,Footwear,Shoes,Heels,Brown,Winter,2012.0,Casual,Portia Women Brown Sandals
28353,Men,Free Items,Free Gifts,Free Gifts,Black,Winter,2016.0,Casual,IDEE Men Black Sunglasses
28750,Women,Apparel,Topwear,Kurtas,Olive,Summer,2012.0,Ethnic,Aurelia Women Printed Olive Kurta
16204,Men,Apparel,Topwear,Tshirts,Black,Fall,2011.0,Casual,Puma Men Disect Black TShirt
2133,Men,Apparel,Topwear,Shirts,Black,Spring,2011.0,Casual,Basics Men Black Slim Fit Shirt
43960,Men,Apparel,Topwear,Shirts,Grey,Summer,2012.0,Formal,Indigo Nation Men Grey Striped Shirt
27867,Women,Apparel,Topwear,Shirts,Blue,Summer,2012.0,Casual,Scullers For Her Striped Blue Shirt
48241,Boys,Apparel,Topwear,Tshirts,Cream,Summer,2012.0,Casual,Avengers Boys Cream Printed T-shirt
2099,Men,Apparel,Topwear,Shirts,White,Winter,2010.0,Casual,Lee Men Checks Dark Blue Shirt
9339,Men,Apparel,Topwear,Tshirts,White,Fall,2011.0,Casual,Puma Men Ducati Graphic White Tshirts
44582,Men,Apparel,Bottomwear,Jeans,Navy Blue,Summer,2017.0,Casual,Lee Men Bern Navy Blue Jeans
21915,Women,Apparel,Apparel Set,Kurta Sets,Orange,Fall,2011.0,Ethnic,Biba Women Orange & Purple Printed Churidar Kurta with Dupatta
23859,Men,Footwear,Shoes,Casual Shoes,Grey,Fall,2011.0,Casual,ADIDAS Men Grey Dash Casual Shoes
19398,Men,Apparel,Topwear,Tshirts,Blue,Summer,2011.0,Sports,ADIDAS Men Solid Blue Jersey
13747,Men,Apparel,Topwear,Shirts,Blue,Fall,2011.0,Casual,Belmonte Men Check Blue Shirts
14511,Men,Apparel,Topwear,Shirts,Blue,Fall,2011.0,Formal,Mark Taylor Men Blue Striped Shirt
5392,Unisex,Footwear,Shoes,Sports Shoes,White,,2011.0,Sports,Kalenji Crossport 100 Whi/champ
5387,Unisex,Footwear,Shoes,Sports Shoes,Black,Summer,2011.0,Sports,Kalenji Kapteren 50 Black Pink
55785,Men,Footwear,Shoes,Casual Shoes,Navy Blue,Spring,2014.0,Casual,Converse Men Navy Casual Shoes
37610,Girls,Apparel,Topwear,Tshirts,Pink,Summer,2012.0,Casual,Madagascar3 Girls Pink Printed T-Shirt
41730,Women,Footwear,Shoes,Heels,White,Winter,2012.0,Casual,Catwalk Women White Heels
12977,Men,Footwear,Shoes,Sports Shoes,Black,Fall,2011.0,Sports,ADIDAS Men Marathon Black Sports Shoes
28681,Men,Apparel,Topwear,Tshirts,Blue,Summer,2012.0,Casual,Proline Men Blue Printed T-shirt
19335,Men,Apparel,Topwear,Jackets,White,Fall,2011.0,Casual,United Colors of Benetton Men Solid White Jacket
15061,Men,Footwear,Shoes,Formal Shoes,Black,Summer,2013.0,Formal,Franco Leone Men Black Formal Shoe
5180,Men,Apparel,Topwear,Tshirts,Black,Summer,2011.0,Casual,Batman Men's Detective Black T-shirt
26526,Men,Footwear,Shoes,Casual Shoes,Black,Spring,2013.0,Casual,Gas Men Freetime Black Casual Shoes
34404,Men,Apparel,Topwear,Tshirts,Black,Summer,2012.0,Casual,Myntra Men Surf Black T-shirt
23976,Men,Apparel,Topwear,Shirts,Blue,Fall,2011.0,Formal,Peter England Men Blue Striped Shirt
3916,Men,Apparel,Topwear,Tshirts,Grey,Summer,2011.0,Casual,Urban Yoga Men's Breathe Grey T-shirt
34069,Women,Footwear,Shoes,Flats,Black,Fall,2012.0,Formal,Clarks Women Black Leather Flat Shoes
12138,Women,Apparel,Topwear,Kurtas,Green,Fall,2011.0,Ethnic,Aurelia Women Solid Green Kurtas
17016,Women,Footwear,Shoes,Flats,White,Winter,2012.0,Casual,Rocia Women Casual White Sandal
6890,Women,Apparel,Topwear,Tops,White,Summer,2011.0,Casual,Forever New Women's White Blue Printed Top
50755,Men,Footwear,Sandal,Sandals,Black,Winter,2018.0,Casual,Red Chief Men Black Sandals
13979,Men,Footwear,Sandal,Sandals,Black,Fall,2011.0,Casual,Puma Men Jiff Black Sandals
22857,Men,Footwear,Shoes,Casual Shoes,Khaki,Summer,2012.0,Casual,Woodland Men Khaki Casual Shoes
41771,Women,Apparel,Topwear,Tops,Green,Summer,2012.0,Casual,Remanika Women Striped Green Top
14093,Men,Apparel,Topwear,Tshirts,Red,Winter,2016.0,Casual,Flying Machine Men Stripes Red Tshirts
5835,Women,Apparel,Topwear,Tshirts,White,Summer,2011.0,Casual,ADIDAS Women's Birds White T-shirt
41586,Men,Apparel,Topwear,Shirts,White,Summer,2012.0,Casual,Basics Men White Striped Shirt
57484,Men,Footwear,Sandal,Sandals,Black,Fall,2012.0,Casual,ID Men Black & White Sandals
21451,Women,Apparel,Topwear,Tshirts,Green,Winter,2012.0,Casual,Roxy Women Green Graphic Printed T-Shirt
38765,Boys,Apparel,Topwear,Tshirts,Green,Summer,2012.0,Casual,Gini and Jony Boys Printed Green T-shirt
48102,Women,Apparel,Topwear,Tops,Red,Summer,2012.0,Casual,French Connection Women Red Striped Top
50899,Women,Apparel,Saree,Sarees,Beige,Fall,2012.0,Ethnic,Prafful Beige & Purple Printed Sari
24061,Men,Apparel,Topwear,Tshirts,Brown,Summer,2012.0,Casual,Locomotive Men Light Brown Striped T-shirt
19789,Men,Apparel,Topwear,Tshirts,Orange,Winter,2016.0,Casual,U.S. Polo Assn. Men Solid Orange Tshirt
38563,Men,Apparel,Bottomwear,Shorts,Orange,Summer,2012.0,Casual,Nike Men Orange & Charcoal Shorts
42543,Women,Apparel,Topwear,Kurtas,Rust,Summer,2012.0,Ethnic,Mother Earth Women Rust Kurta
7143,Women,Apparel,Topwear,Shirts,Blue,Fall,2011.0,Casual,Scullers For Her Women Light Work Blue Shirts
5361,Men,Footwear,Shoes,Sports Shoes,Black,,2011.0,Sports,Kipsta F300 Fg Sr Ah09
32383,Women,Apparel,Topwear,Tops,Black,Summer,2012.0,Casual,Arrow Woman Black Top
43379,Men,Footwear,Shoes,Casual Shoes,White,Summer,2012.0,Casual,Reebok Men White Mamba Casual Shoes
10747,Unisex,Footwear,Sandal,Sandals,Pink,Winter,2012.0,Casual,Disney Unisex Kids Daisy Pink Sandals
21873,Boys,Apparel,Topwear,Tshirts,Green,Fall,2011.0,Casual,Chhota Bheem Kids Boys Lets Rock Green T-shirt
22571,Men,Apparel,Topwear,Shirts,Black,Fall,2011.0,Casual,Highlander Men Black Check Shirt
14876,Women,Apparel,Bottomwear,Stockings,Grey,Summer,2011.0,Casual,United Colors of Benetton Women Solid Grey Stockings
13738,Men,Apparel,Topwear,Shirts,Green,Fall,2011.0,Casual,Belmonte Men Check Green Shirts
47080,Women,Apparel,Bottomwear,Patiala,Mustard,Fall,2012.0,Ethnic,Shree Women Mustard & Green Patiala
35707,Men,Footwear,Shoes,Casual Shoes,Black,Summer,2012.0,Casual,Nike Men Renzo Black Shoes
51756,Women,Footwear,Shoes,Casual Shoes,Blue,Winter,2015.0,Casual,Catwalk Women Blue Shoes
26806,Men,Apparel,Bottomwear,Trousers,Charcoal,Summer,2013.0,Formal,Arrow Men Charcoal Flat Front Trousers
27212,Men,Apparel,Topwear,Shirts,Blue,Summer,2012.0,Casual,Doodle Kids Boy Striped Blue Shirt
20004,Men,Apparel,Topwear,Tshirts,Beige,Summer,2011.0,Casual,United Colors of Benetton Men Printed Beige TShirt
45534,Men,Apparel,Topwear,Tshirts,White,Summer,2012.0,Casual,Fila Men White T-shirt
2010,Men,Apparel,Topwear,Tshirts,Green,Fall,2010.0,Sports,ADIDAS Mens Classic Green Polo T-shirt
13835,Men,Apparel,Topwear,Jackets,Black,Summer,2012.0,Sports,Nike Men Solid Black Jackets
7815,Men,Apparel,Topwear,Tshirts,Black,Fall,2011.0,Casual,Proline Men Black Striped Polo T-shirt
28806,Men,Apparel,Topwear,Shirts,Black,Summer,2012.0,Casual,Denizen Men Check Black Shirt
4653,Men,Footwear,Sandal,Sandals,Black,Summer,2011.0,Casual,ADIDAS Men Cherokee Black Grey Sandal
33328,Men,Apparel,Topwear,Shirts,Grey,Summer,2012.0,Casual,Arrow New York Men Grey Slim Fit Shirt
6817,Men,Footwear,Flip Flops,Flip Flops,Blue,Summer,2011.0,Casual,Timberland Men Blue Thong Flip Flops
28614,Men,Footwear,Shoes,Sports Shoes,Grey,Summer,2012.0,Sports,Nike Men Ruckus Grey Sports Shoes
22139,Men,Footwear,Shoes,Formal Shoes,Black,Summer,2011.0,Formal,Provogue Men Black Formal Shoes
20201,Men,Apparel,Topwear,Sweatshirts,White,Fall,2011.0,Casual,Wrangler Men Seattle Glow White Sweatshirt
3476,Men,Apparel,Topwear,Tshirts,Blue,Fall,2010.0,Sports,ADIDAS Men's Fresh Blue Sleeveless T-shirt
57161,Women,Apparel,Topwear,Tops,Pink,Summer,2012.0,Casual,Elle Women Pink Essentials Top
17836,Women,Footwear,Flip Flops,Flip Flops,Pink,Fall,2011.0,Casual,Nike Women Solarsoft Thong Pink Slipper
4921,Women,Apparel,Topwear,Tshirts,White,Summer,2011.0,Casual,Gini and Jony Girl's Viona Pack of 3 Tee Kidswear
23863,Men,Footwear,Shoes,Sports Shoes,White,Fall,2011.0,Sports,ADIDAS Men White Galaxy Elite Sports Shoes
53000,Women,Apparel,Saree,Sarees,Multi,Fall,2012.0,Ethnic,FNF Multi Coloured Printed Sari
5666,Men,Apparel,Topwear,Tshirts,Green,Summer,2011.0,Casual,Tantra Men's Beer Addict Green T-shirt
22190,Men,Footwear,Shoes,Casual Shoes,Brown,Fall,2012.0,Casual,Timberland Men Light Brown Casual Shoes
5755,Women,Apparel,Topwear,Tops,Pink,Summer,2011.0,Casual,Jealous 21 Women Pink Graphic Top
41315,Women,Apparel,Bottomwear,Leggings,Navy Blue,Summer,2012.0,Ethnic,Aurelia Women Navy Blue Leggings
59982,Women,Apparel,Dress,Dresses,Black,Fall,2012.0,Casual,Avirate Black & Cream Dress
12346,Women,Apparel,Topwear,Tshirts,Grey,Fall,2011.0,Formal,Reebok Women Grey Solid V-Neck T-shirt
32841,Women,Footwear,Shoes,Heels,Gold,Winter,2012.0,Casual,Grendha Women Jola Cigana Gold Flats
18758,Women,Apparel,Dress,Dresses,Black,Fall,2011.0,Casual,Arrow Woman Bling Black Dress
14944,Men,Apparel,Topwear,Tshirts,Blue,Fall,2011.0,Casual,Status Quo Men Stripes Blue Tshirts
12513,Men,Footwear,Shoes,Casual Shoes,Brown,Winter,2018.0,Casual,Red Tape Men Brown Shoes
40949,Boys,Apparel,Topwear,Tshirts,White,Summer,2012.0,Casual,Gini and Jony Boys Around the World White T-shirt
43074,Women,Apparel,Bottomwear,Capris,Black,Summer,2012.0,Sports,Nike Womens Black Capris
6477,Men,Apparel,Topwear,Jackets,White,Summer,2011.0,Casual,ADIDAS Men Top White Jacket
43313,Women,Apparel,Topwear,Sweaters,Blue,Summer,2012.0,Casual,United Colors of Benetton Women Blue Sweater
15324,Men,Apparel,Topwear,Sweatshirts,White,Fall,2011.0,Sports,Nike Men Printed White Sweatshirts
55624,Men,Footwear,Shoes,Formal Shoes,Black,Summer,2012.0,Formal,Numero Uno Men Black Formal Shoes
25570,Men,Footwear,Shoes,Sports Shoes,White,Summer,2012.0,Sports,Fila Men Trimax White Sports Shoes
47087,Boys,Footwear,Flip Flops,Flip Flops,Yellow,Fall,2012.0,Casual,Marvel Boys Yellow Flip Flops
37280,Women,Apparel,Topwear,Tshirts,Blue,Summer,2012.0,Casual,Tantra Women Blue Facebook T-shirt
25520,Girls,Apparel,Topwear,Tops,White,Fall,2011.0,Casual,Doodle Kids Girls City Chic White Top
24551,Women,Apparel,Topwear,Kurtas,Blue,Fall,2011.0,Ethnic,Diva Women Blue Printed Kurta
40146,Girls,Apparel,Bottomwear,Capris,Black,Summer,2012.0,Casual,Gini and Jony Girls Elasticated Black Capris
28874,Women,Apparel,Topwear,Kurtas,Blue,Summer,2012.0,Ethnic,BIBA Women Printed Blue Kurta
56692,Men,Apparel,Topwear,Kurtas,Navy Blue,Summer,2012.0,Ethnic,Fabindia Men Navy Blue Kurta
36208,Boys,Apparel,Topwear,Jackets,Black,Summer,2012.0,Casual,Gini Jony Boys Black Jacket
8737,Men,Apparel,Topwear,Shirts,White,Fall,2011.0,Casual,Indigo Nation Men Checks Shirt Purple Shirts
19515,Men,Apparel,Topwear,Sweaters,Blue,Fall,2011.0,Casual,United Colors of Benetton Men Solid Blue Sweater
28323,Men,Footwear,Sandal,Sandals,Brown,Winter,2018.0,Casual,Red Tape Men Casual Brown Sandals
11114,Men,Apparel,Topwear,Shirts,Purple,Fall,2011.0,Formal,Indigo Nation Men Check Purple Shirts
54951,Men,Apparel,Topwear,Tshirts,Red,Summer,2012.0,Casual,Do u speak green Men Red T-shirt
19540,Men,Apparel,Topwear,Sweaters,Blue,Summer,2011.0,Casual,United Colors of Benetton Men Solid Blue Sweater
31363,Men,Apparel,Topwear,Tshirts,Blue,Summer,2012.0,Casual,Locomotive Men Blue T-shirt
24481,Men,Footwear,Sandal,Sandals,Grey,Winter,2018.0,Casual,Red Tape Men Grey Casual Sandals
20261,Men,Apparel,Topwear,Tshirts,White,Fall,2011.0,Casual,Wrangler Men Tee White T-shirt
3607,Men,Footwear,Shoes,Casual Shoes,Black,Summer,2011.0,Casual,Converse Men's Chuck Taylor Print OX Black Canvas Shoe
58676,Women,Apparel,Topwear,Kurtas,Beige,Summer,2012.0,Ethnic,ALayna Women Printed Beige Kurta
19535,Men,Apparel,Topwear,Sweaters,Green,Summer,2011.0,Casual,United Colors of Benetton Men Solid Green Sweater
10155,Men,Footwear,Shoes,Casual Shoes,Brown,Fall,2011.0,Casual,Rockport Men Tr Bal Brown Casual Shoes
10453,Men,Apparel,Topwear,Tshirts,Yellow,Fall,2011.0,Casual,Flying Machine Men Gloden Haze Yellow Tshirts
14716,Men,Apparel,Topwear,Shirts,White,Fall,2011.0,Formal,Indigo Nation Men Formal Shirt White Shirts
33151,Girls,Apparel,Topwear,Tops,Pink,Summer,2012.0,Casual,Gini and Jony Girls Printed Pink Top
19062,Women,Apparel,Topwear,Kurtis,Maroon,Fall,2011.0,Ethnic,Aurelia Women Solid Maroon Kurti
42015,Men,Footwear,Shoes,Sports Shoes,White,Summer,2012.0,Sports,ADIDAS Men White Vermont Shoes
38674,Men,Footwear,Shoes,Sports Shoes,White,Summer,2012.0,Sports,Nike Men Dual Fusion White Sports Shoes
23141,Men,Apparel,Topwear,Sweatshirts,Navy Blue,Fall,2011.0,Casual,Quechua Men Warm Fleece Navy Blue Sweatshirt
59625,Women,Apparel,Saree,Sarees,Purple,Fall,2012.0,Ethnic,FNF Orange & Purple Wedding Collection sari
29564,Men,Footwear,Shoes,Casual Shoes,Black,Summer,2012.0,Casual,Vans Men Half Cab Black Shoes
17937,Men,Apparel,Topwear,Tshirts,Black,Fall,2011.0,Casual,Puma Men Ducati One ups Tee 2 Black Tshirt
11092,Men,Apparel,Topwear,Shirts,Red,Fall,2011.0,Casual,Scullers Men Check Red Shirt
52482,Women,Apparel,Loungewear and Nightwear,Baby Dolls,Red,Winter,2015.0,Casual,Red Rose Red & Black Nightdress
39184,Women,Apparel,Topwear,Kurtas,Multi,Summer,2012.0,Ethnic,Aneri Women Multi Coloured Kurta
30871,Women,Apparel,Topwear,Kurtas,Blue,Summer,2012.0,Ethnic,Fabindia Women Printed Beige Kurta
50337,Women,Apparel,Topwear,Kurtis,Blue,Summer,2012.0,Ethnic,Aurelia Women Blue Kurti
7244,Men,Footwear,Shoes,Formal Shoes,Black,Fall,2011.0,Formal,Rockport Men's Allander Black Shoe
24840,Men,Apparel,Topwear,Shirts,Blue,Fall,2011.0,Casual,Indigo Nation Men Check Blue Shirt
1882,Men,Apparel,Topwear,Tshirts,Red,Winter,2010.0,Casual,FIFA Mens Code Collection Red T-shirt
3357,Men,Apparel,Topwear,Tshirts,Black,Summer,2011.0,Casual,Myntra Men's Ear Plugs Black T-shirt
7777,Men,Footwear,Shoes,Casual Shoes,Red,Fall,2011.0,Casual,Converse Men's Chuck Slip Red Canvas Shoe
51489,Men,Apparel,Topwear,Shirts,Beige,Summer,2012.0,Casual,Denizen Men Beige & Blue Check Shirt
51060,Women,Apparel,Loungewear and Nightwear,Nightdress,Lavender,Summer,2017.0,Casual,Enamor Women Lavender Nightdress
11303,Women,Apparel,Bottomwear,Jeans,Blue,Fall,2011.0,Casual,Wrangler Women Blue Sophia Jeans
25420,Men,Footwear,Shoes,Casual Shoes,Black,Spring,2013.0,Casual,Nike Men Lite Force Black & White Shoes
44578,Men,Apparel,Bottomwear,Jeans,Blue,Summer,2017.0,Casual,Lee Men Blue Party Jeans
53392,Women,Apparel,Topwear,Kurtis,Cream,Summer,2012.0,Ethnic,Aurelia Women Cream Printed Kurti
42509,Women,Apparel,Topwear,Kurtas,Beige,Summer,2012.0,Ethnic,Mother Earth Women Beige Kurta
12698,Men,Footwear,Shoes,Sports Shoes,Blue,Fall,2011.0,Sports,Nike Men Swift FG Blue Sports Shoes
7472,Men,Apparel,Topwear,Tshirts,White,Summer,2011.0,Casual,Proline Men White & Purple Striped Polo T-shirt
9883,Men,Apparel,Topwear,Shirts,Purple,Fall,2011.0,Casual,Indigo Nation Men Hot Stepper Purple Shirts
19057,Women,Apparel,Topwear,Kurtas,Green,Fall,2011.0,Ethnic,Aurelia Women Solid Green Kurta
52079,Men,Apparel,Topwear,Tshirts,White,Summer,2012.0,Casual,Myntra Men Yellow Striped T-shirt
56410,Men,Footwear,Shoes,Casual Shoes,Brown,Summer,2013.0,Casual,GAS Men Brown Casual Shoes
11524,Men,Apparel,Topwear,Sweatshirts,Blue,Fall,2011.0,Casual,United Colors of Benetton Men Blue Sweatshirt
6635,Men,Footwear,Shoes,Sports Shoes,White,Summer,2011.0,Sports,Nike Men's Air Rally White Shoe
31794,Women,Apparel,Topwear,Tshirts,Navy Blue,Summer,2012.0,Casual,Lee Women Navy Blue Beach T-shirt
48094,Women,Apparel,Topwear,Tops,Purple,Summer,2012.0,Casual,French Connection Women Violet Top
23051,Women,Apparel,Dress,Dresses,Navy Blue,Fall,2011.0,Casual,Arrow Woman Navy Blue Printed Dress
11472,Women,Apparel,Topwear,Tops,Blue,Fall,2011.0,Casual,United Colors of Benetton Women Blue Winter Printed Top
10078,Men,Footwear,Shoes,Sports Shoes,White,Fall,2011.0,Sports,Reebok Men Speed Mode White Sports Shoes
4638,Women,Footwear,Shoes,Sports Shoes,White,Summer,2011.0,Sports,ADIDAS Women Phantom Low Pink Grey White Shoe
3694,Men,Footwear,Shoes,Casual Shoes,Green,Summer,2011.0,Casual,Lotto Men's Dynamo Green Canvas Shoe
25592,Women,Apparel,Apparel Set,Kurta Sets,Black,Fall,2011.0,Ethnic,Vishudh Women Black & Purple Printed Churidar Kurta with Dupatta
41681,Women,Footwear,Shoes,Heels,Silver,Winter,2012.0,Casual,Catwalk Women Silver Heels
43920,Women,Apparel,Dress,Dresses,Cream,Summer,2012.0,Casual,Femella Women Cream Printed Dress
34444,Women,Apparel,Topwear,Tshirts,Peach,Summer,2012.0,Casual,Myntra Women Peach Peace Love Chocolate T-shirt
27917,Women,Apparel,Bottomwear,Trousers,Brown,Summer,2012.0,Formal,Scullers For Her Brown Striped Trousers
32266,Men,Apparel,Loungewear and Nightwear,Lounge Pants,Navy Blue,Summer,2016.0,Casual,2go Active Gear USA Men Red Pele Track Pants
44879,Men,Apparel,Topwear,Tshirts,Black,Summer,2012.0,Casual,Puma Men Black Polo neck T-shirt
37712,Men,Apparel,Topwear,Tshirts,Yellow,Summer,2012.0,Casual,John Players Men Printed Yellow T-shirt
6802,Men,Footwear,Shoes,Casual Shoes,Grey,Fall,2012.0,Casual,Timberland Men's Block Island Grey Shoe
58661,Women,Apparel,Topwear,Kurtas,Green,Summer,2012.0,Ethnic,ALayna Women Green Kurta
50164,Women,Footwear,Shoes,Heels,White,Winter,2012.0,Casual,Rocia Women White Wedges
6564,Men,Apparel,Bottomwear,Shorts,Blue,Summer,2011.0,Sports,Nike Men's Woven Blue Short
6633,Men,Apparel,Topwear,Shirts,Black,Summer,2011.0,Casual,UCB Men Ben Logo Chest Black Shirt
5780,Women,Apparel,Topwear,Tops,Purple,Summer,2011.0,Casual,Jealous 21 Women. Graphic Purple Top
33081,Men,Apparel,Topwear,Tshirts,Navy Blue,Summer,2012.0,Casual,U.S. Polo Assn. Denim Co. Men Navy Blue T-Shirt
20142,Men,Apparel,Topwear,Shirts,Navy Blue,Fall,2011.0,Casual,Wrangler Men Authentic Rope Navy Blue Shirt
27554,Men,Apparel,Topwear,Shirts,Purple,Summer,2012.0,Formal,Scullers Men Purple Shirt
26310,Men,Apparel,Bottomwear,Shorts,Black,Summer,2012.0,Sports,Proline Black Sports Shorts
42731,Women,Footwear,Shoes,Flats,Black,Winter,2012.0,Casual,Rocia Women Black Sandals
42682,Women,Apparel,Topwear,Kurtas,Cream,Summer,2012.0,Ethnic,Alma Women Cream & Blue Kurta
30122,Men,Apparel,Topwear,Tshirts,Navy Blue,Summer,2012.0,Casual,Flying Machine Men Printed Navy Blue T-shirt
34081,Men,Footwear,Shoes,Casual Shoes,Brown,Summer,2016.0,Casual,Clarks Men Brown Nature Three Mahogany Leather Casual Shoes
24602,Women,Apparel,Topwear,Kurtas,Blue,Fall,2011.0,Ethnic,BIba Women Blue Printed Kurta
3447,Unisex,Apparel,Topwear,Tshirts,Black,Summer,2011.0,Sports,ADIDAS Kids Black Pune Warriors Match Jersey
57893,Women,Apparel,Bottomwear,Leggings,Cream,Fall,2012.0,Casual,Femella Women Cream Leggings
17817,Men,Footwear,Sandal,Sandals,Black,Fall,2011.0,Casual,Lee Cooper Men  Black Sandal
17193,Men,Apparel,Topwear,Shirts,Navy Blue,Winter,2016.0,Casual,U.S. Polo Assn. Men Stripes Navy Blue Shirt
47474,Women,Footwear,Flip Flops,Flip Flops,Black,Summer,2012.0,Casual,Tiptopp Women Black Flats
5154,Women,Apparel,Topwear,Tshirts,White,Summer,2011.0,Casual,Wrangler Women's Lip Print White T-shirt
9051,Men,Footwear,Shoes,Sports Shoes,Grey,Fall,2011.0,Sports,ADIDAS Men Speed Boat Grey Sports Shoes
19406,Men,Footwear,Shoes,Sports Shoes,White,Fall,2011.0,Sports,ADIDAS Men White Twenty2yds Lite IV Sports Shoes
7714,Men,Footwear,Shoes,Casual Shoes,Black,Fall,2011.0,Casual,Fila Men's Wind Black Shoe
9200,Men,Footwear,Shoes,Casual Shoes,Black,Fall,2011.0,Casual,Puma Men SL Tech LO SF Black Casual Shoes
29837,Men,Apparel,Topwear,Shirts,Yellow,Summer,2012.0,Casual,Basics Men Yellow Checked Shirt
28951,Women,Apparel,Topwear,Kurtis,Pink,Summer,2012.0,Ethnic,BIBA OUTLET Women Fushsia Pink Kurti
44231,Men,Footwear,Shoes,Sports Shoes,Blue,Summer,2012.0,Sports,Nike Men Air Max Turbulence+ 18 Grey Sports Shoes
5019,Women,Apparel,Bottomwear,Skirts,Navy Blue,Summer,2011.0,Casual,Levis Kids Girl's Betsy Navy Kidswear
29052,Men,Apparel,Topwear,Tshirts,Charcoal,Summer,2012.0,Casual,ADIDAS Men 3 Fingers Charcoal T-shirt
11607,Women,Apparel,Topwear,Kurtas,Grey,Summer,2011.0,Ethnic,W Women Solid Grey Kurtas
33652,Women,Footwear,Flip Flops,Flip Flops,Black,Summer,2012.0,Casual,Lotto Women Cara II W Black Flip Flops
2965,Men,Footwear,Shoes,Casual Shoes,White,Fall,2010.0,Casual,Puma Men's Excurse White Spectrum Blue Shoe
28908,Women,Apparel,Topwear,Kurtas,Red,Summer,2012.0,Ethnic,BIBA Women Printed Red Kurta
24462,Men,Footwear,Flip Flops,Flip Flops,Blue,Fall,2011.0,Casual,ADIDAS Men Blue Adi Cliff Flip Flop
2822,Men,Footwear,Shoes,Casual Shoes,Black,Summer,2012.0,Casual,Lee Cooper Men's Casual Felt Black Shoe
11951,Men,Footwear,Shoes,Casual Shoes,Blue,Summer,2012.0,Casual,Ganuchi Men Blue Shoes
42025,Women,Footwear,Shoes,Sports Shoes,White,Summer,2012.0,Sports,ADIDAS Women White Bolt Sports Shoes
25476,Men,Footwear,Shoes,Casual Shoes,Red,Summer,2012.0,Casual,Nike Men Lite Force  Red Casual Shoes
44968,Men,Free Items,Free Gifts,Free Gifts,Black,Winter,2016.0,Casual,Maxima Men Black Dial Watch
45426,Women,Footwear,Shoes,Flats,Brown,Winter,2012.0,Casual,Rocia Women Brown Sandals
35161,Men,Footwear,Sandal,Sandals,Black,Fall,2012.0,Casual,Coolers Men Black Sandals
34074,Women,Footwear,Shoes,Flats,Silver,Fall,2012.0,Casual,Clarks Women Arizona Heat Leather Silver Shoes
22977,Men,Footwear,Shoes,Sports Shoes,White,Fall,2011.0,Sports,Fila Men White Galaxy Sports Shoes
6215,Men,Apparel,Topwear,Tshirts,White,Summer,2011.0,Casual,Lee Men's Printed White T-shirt
7633,Men,Apparel,Bottomwear,Shorts,Black,Fall,2011.0,Sports,Puma Men's Woven Black Short
6208,Men,Apparel,Topwear,Tshirts,Green,Summer,2011.0,Casual,Lee Men's Hand Green T-shirt
35418,Men,Footwear,Shoes,Formal Shoes,Black,Summer,2012.0,Formal,Enroute Men Black Formal Shoes
9266,Men,Apparel,Topwear,Shirts,Navy Blue,Fall,2011.0,Casual,Scullers Men Scul Blue Shirts
30341,Men,Apparel,Topwear,Tshirts,Off White,Summer,2012.0,Casual,Myntra Men Fakebook Off White T-shirt
8205,Men,Apparel,Topwear,Tshirts,Navy Blue,Summer,2011.0,Casual,Locomotive Men Stripe Langley Navy Blue T-Shirts
3863,Men,Apparel,Topwear,Tshirts,Green,Summer,2011.0,Casual,Wrangler Men's Authentic Embro Olive T-shirt
39167,Women,Apparel,Topwear,Kurtas,Pink,Summer,2012.0,Ethnic,Aneri Women Pink Printed Kurta
11557,Women,Apparel,Topwear,Kurtas,White,Summer,2011.0,Ethnic,W Women Printed White Kurtas
33563,Women,Apparel,Topwear,Tshirts,Yellow,Summer,2012.0,Casual,Wrangler Women Butterfly Yellow T-shirt
8465,Girls,Apparel,Topwear,Tshirts,Purple,Fall,2011.0,Casual,Doodle Girls's Princess Purple Teen Top
59970,Women,Apparel,Dress,Dresses,Black,Fall,2012.0,Casual,Avirate Mushroom Brown Dress
48371,Men,Apparel,Topwear,Shirts,Black,Summer,2012.0,Casual,French Connection Men Black Check Shirt
23122,Unisex,Footwear,Flip Flops,Flip Flops,Green,Spring,2013.0,Casual,Converse Unisex Basic Green Flip Flops
1752,Men,Apparel,Topwear,Tshirts,Red,Fall,2010.0,Sports,Lotto Men Red Epic T-shirt
9619,Men,Apparel,Topwear,Shirts,Yellow,Fall,2011.0,Casual,Indigo Nation Men Checks Blue Shirt
14541,Women,Apparel,Topwear,Kurtas,White,Fall,2011.0,Ethnic,Vishudh Women White and Red Printed Kurta
7213,Men,Apparel,Topwear,Tshirts,Green,Fall,2011.0,Casual,Scullers Men's Scul Green T-shirt
1578,Men,Apparel,Topwear,Tshirts,Red,Fall,2010.0,Sports,Domyos Men Good Stroke Red T-shirt
3104,Men,Apparel,Topwear,Tshirts,Blue,Summer,2011.0,Casual,Probase Men's Wtf Turquoise T-Shirt
19904,Women,Footwear,Shoes,Flats,Pink,Fall,2011.0,Casual,Lotto Women Virtue Pink Sandal
18856,Men,Apparel,Topwear,Tshirts,White,Fall,2011.0,Casual,Puma Men Generation White Polo Tshirt
42045,Men,Footwear,Shoes,Casual Shoes,Yellow,Summer,2012.0,Casual,Nike Men Wardour Chukka Yellow Casual Shoes
8427,Unisex,Sporting Goods,Sports Equipment,Basketballs,Blue,Fall,2011.0,Sports,Spalding Unisex Blue Basketball
34374,Men,Apparel,Topwear,Tshirts,Orange,Summer,2012.0,Casual,Myntra Men Orange Burps T-shirt
3327,Men,Apparel,Topwear,Tshirts,Red,Summer,2011.0,Sports,KXIP Boys Fangear Polo Jersey
6341,Unisex,Footwear,Shoes,Casual Shoes,Orange,Summer,2011.0,Casual,Converse Unisex Cyclone Print Ox Orange Shoe
9783,Men,Apparel,Topwear,Tshirts,White,Fall,2011.0,Casual,ADIDAS Men Bnce Hop White Tshirts
20212,Women,Apparel,Topwear,Sweatshirts,Blue,Fall,2011.0,Casual,Wrangler Women Checkerd Blue Sweatshirt
55599,Men,Apparel,Topwear,Shirts,Blue,Summer,2012.0,Casual,Peter England Men Blue Shirt
23815,Men,Footwear,Shoes,Casual Shoes,Black,Fall,2011.0,Casual,Puma Men Evo Black Casual Shoes
15508,Men,Footwear,Shoes,Casual Shoes,Brown,Fall,2011.0,Casual,Rockport Men Cape Noble Brown Casual Shoes
11125,Women,Apparel,Bottomwear,Track Pants,Black,Fall,2011.0,Sports,Urban Yoga Women Solid Black Track Pants
49930,Women,Apparel,Saree,Sarees,Yellow,Fall,2012.0,Ethnic,Fabindia Yellow Self-Striped Saree
3992,Men,Apparel,Topwear,Tshirts,Black,Summer,2011.0,Casual,Mr.Men Men's Funny Black T-shirt
2831,Men,Footwear,Shoes,Casual Shoes,Blue,Summer,2012.0,Casual,Lee Cooper Men's Casual Blue Canvas Shoe
34749,Men,Footwear,Shoes,Casual Shoes,White,Summer,2012.0,Casual,Puma Men White Benecio Shoes
28528,Women,Apparel,Topwear,Tshirts,Pink,Summer,2012.0,Sports,Nike Women Cruiser Hurley Dot Pink T-shirt
22741,Women,Apparel,Topwear,Kurtas,Red,Fall,2011.0,Ethnic,BIBA Women Printed Navy Blue Kurta
17189,Men,Apparel,Topwear,Shirts,Maroon,Winter,2016.0,Casual,U.S. Polo Assn. Men Checks Maroon Shirt
12989,Men,Footwear,Shoes,Sports Shoes,White,Fall,2011.0,Sports,ADIDAS Kids Duramo Synthetic White Sports Shoes
40604,Women,Apparel,Topwear,Kurtas,Green,Summer,2012.0,Ethnic,Span Women Green Kurta
22849,Men,Footwear,Shoes,Casual Shoes,Khaki,Summer,2012.0,Casual,Woodland Men Khaki Casual Shoes
2012,Men,Apparel,Topwear,Tshirts,White,Fall,2010.0,Sports,ADIDAS Mens Graphic White T-shirt
17977,Men,Footwear,Shoes,Sports Shoes,Black,Fall,2011.0,Sports,Puma Men Wirko Black Sports Shoe
52394,Women,Apparel,Loungewear and Nightwear,Nightdress,Grey,Winter,2015.0,Casual,Red Rose Women Grey Nightdress
22719,Men,Footwear,Shoes,Sports Shoes,White,Fall,2011.0,Sports,Nike Men Dart 9 MSL White Sports Shoes
26615,Women,Footwear,Shoes,Sports Shoes,White,Summer,2012.0,Sports,Puma Women Bodytrain White Sports Shoes
3258,Men,Footwear,Shoes,Casual Shoes,White,Fall,2010.0,Casual,Puma Men's Basket White Red Shoe
53036,Women,Apparel,Saree,Sarees,Blue,Summer,2012.0,Ethnic,FNF Printed Blue Sari
31543,Men,Apparel,Topwear,Tshirts,Navy Blue,Summer,2012.0,Casual,Classic Polo Men Striped Navy Blue T-shirt
16970,Men,Footwear,Sandal,Sandals,Grey,Fall,2011.0,Casual,Puma Men Coupe Grey Sandal
20308,Women,Apparel,Topwear,Sweaters,Black,Fall,2011.0,Casual,Jealous 21 Women Solid Black Sweater
33106,Women,Footwear,Shoes,Heels,Blue,Winter,2015.0,Casual,Catwalk Women Blue Flats
26285,Men,Apparel,Topwear,Tshirts,Navy Blue,Summer,2012.0,Casual,Proline Men Navy T-shirt with Printed Detail
5020,Men,Apparel,Topwear,Shirts,Black,Summer,2011.0,Casual,Levis Kids Boy's Caspian Black Kidswear
33981,Women,Apparel,Bottomwear,Stockings,Black,Summer,2012.0,Casual,Femella Women Black Stockings
11809,Women,Apparel,Topwear,Kurtas,Blue,Fall,2011.0,Ethnic,Vishudh Women Cotton Silk Blue Kurtas
44918,Men,Apparel,Bottomwear,Shorts,White,Summer,2012.0,Casual,Puma Men White Shorts
22239,Men,Footwear,Shoes,Casual Shoes,Navy Blue,Summer,2011.0,Casual,ID Men Navy Blue Casual Shoes
44638,Men,Footwear,Shoes,Sports Shoes,Black,Summer,2012.0,Sports,Nike Men Black Multicourt Sports Shoes
26604,Women,Footwear,Shoes,Sports Shoes,White,Summer,2012.0,Sports,Puma Women Bodytrain White Sports Shoes
21170,Women,Apparel,Topwear,Tops,Grey,Fall,2011.0,Casual,s.Oliver Women Printed Grey Top
2707,Girls,Apparel,Dress,Dresses,Pink,Summer,2011.0,Casual,Disney Kids Girl's Dress Pink Pooh Kidswear
9423,Men,Apparel,Topwear,Shirts,Black,Fall,2011.0,Formal,John Miller Men Blue stripe Black Shirts
3823,Unisex,Footwear,Sandal,Sandals,White,Summer,2011.0,Casual,Crocs Unisex Crocband White Sandal
2749,Men,Apparel,Topwear,Tshirts,Grey,Summer,2011.0,Casual,Classic Polo Men's Grey stripe T-shirt
34225,Men,Apparel,Topwear,Tshirts,Cream,Summer,2013.0,Casual,Proline Men Cream-Coloured T-shirt
30606,Men,Apparel,Bottomwear,Shorts,Blue,Summer,2012.0,Sports,Nike Men Running Blue Shorts
5889,Men,Apparel,Topwear,Tshirts,Green,Summer,2011.0,Casual,Puma Men's Polo Green T-shirt
46080,Men,Footwear,Shoes,Sports Shoes,Blue,Summer,2012.0,Sports,ADIDAS Men Blue Sports Shoes
16416,Men,Apparel,Topwear,Tshirts,Grey,Fall,2011.0,Casual,Levi's Men Stripes Grey Tshirts
46607,Women,Footwear,Shoes,Heels,Silver,Winter,2012.0,Casual,Catwalk Women Silver Heels
7529,Men,Apparel,Topwear,Tshirts,White,Summer,2011.0,Sports,Nike Men's Ss Training White T-shirt
4863,Men,Apparel,Topwear,Tshirts,Red,Summer,2011.0,Sports,ADIDAS Men Ac Milan Red Black Jersey
16174,Men,Footwear,Sandal,Sandals,Brown,Fall,2011.0,Casual,Enroute Men Leather Brown Sandals
11816,Men,Footwear,Shoes,Casual Shoes,White,Fall,2011.0,Casual,Playboy Men Casual White Casual Shoes
3523,Men,Apparel,Topwear,Tshirts,Navy Blue,Summer,2011.0,Casual,Myntra Men's I Don't Suffer From Navy Blue T-shirt
52919,Women,Apparel,Saree,Sarees,White,Fall,2012.0,Ethnic,FNF White Printed Sari
46811,Men,Apparel,Topwear,Tshirts,Black,Summer,2012.0,Casual,Nike Men Black T-shirt
3826,Unisex,Footwear,Sandal,Sandals,Red,Summer,2011.0,Casual,Crocs Unisex Crocband Red Sandal
8754,Unisex,Footwear,Sandal,Sandals,Red,Fall,2011.0,Casual,Crocs Kids Duet Red Floater
57121,Women,Apparel,Topwear,Tops,White,Summer,2012.0,Casual,Elle Women White Top
16827,Women,Apparel,Topwear,Tshirts,Magenta,Fall,2011.0,Casual,Little Miss Women Printed Magenta T-shirt
44220,Men,Apparel,Topwear,Tshirts,Navy Blue,Summer,2012.0,Casual,Nike Men Navy Blue Iniesta Football T-shirt
24050,Men,Apparel,Topwear,Tshirts,Blue,Fall,2011.0,Casual,Locomotive Men Printed Blue T-shirt
34912,Women,Apparel,Topwear,Dupatta,Green,Summer,2012.0,Ethnic,Fabindia Women Mustard Dupatta
2967,Men,Footwear,Shoes,Sports Shoes,Black,Fall,2010.0,Sports,Puma Men's Mid Pixel Black & Silver Canvas Shoe
39203,Women,Footwear,Shoes,Heels,Multi,Winter,2015.0,Casual,Catwalk Women Multi Colour Flats
41486,Men,Apparel,Topwear,Tshirts,Navy Blue,Summer,2012.0,Casual,Locomotive Men Blue T-shirt
44858,Men,Apparel,Topwear,Tshirts,Red,Summer,2012.0,Casual,Puma Men Red T-shirt
4994,Men,Footwear,Shoes,Sports Shoes,Black,Summer,2011.0,Sports,Fila Men's Barrier Black Silver Shoe
37936,Women,Apparel,Dress,Dresses,Orange,Summer,2012.0,Casual,Mineral Women Orange Dress
4439,Unisex,Footwear,Shoes,Casual Shoes,White,Summer,2011.0,Casual,Converse Unisex Strips White Canvas Shoe
13455,Women,Apparel,Topwear,Tshirts,White,Summer,2011.0,Casual,United Colors of Benetton Women White Polo T-shirts
35685,Men,Footwear,Shoes,Casual Shoes,Navy Blue,Summer,2013.0,Casual,U.S. Polo Assn. Men Navy Blue Shoes
34586,Women,Apparel,Dress,Dresses,Black,Summer,2012.0,Casual,Tonga Women Printed Black Dress
52479,Women,Apparel,Loungewear and Nightwear,Baby Dolls,White,Winter,2015.0,Casual,Red Rose White Nightdress
22352,Men,Apparel,Topwear,Shirts,Green,Fall,2011.0,Casual,John Players Men Check Green Shirt
59132,Men,Apparel,Topwear,Jackets,Black,Summer,2012.0,Casual,Just Natural Men Black Reversible Jacket
37804,Men,Apparel,Topwear,Shirts,Navy Blue,Summer,2012.0,Formal,John Players Men Navy Blue Linen Shirt
57157,Women,Apparel,Topwear,Tshirts,White,Summer,2012.0,Casual,Elle Women White T-shirt
57932,Men,Apparel,Topwear,Tshirts,White,Summer,2012.0,Casual,French Connection Men White T-shirt
24175,Women,Apparel,Topwear,Kurtis,Olive,Fall,2011.0,Ethnic,Aurelia Women Olive Kurti
39963,Men,Footwear,Sandal,Sandals,Brown,Summer,2012.0,Casual,GAS Men Brown Truly Sandals
19353,Men,Footwear,Shoes,Casual Shoes,Brown,Summer,2012.0,Casual,Numero Uno Men Brown Shoes
16316,Men,Apparel,Topwear,Tshirts,Navy Blue,Fall,2011.0,Casual,Peter England Men Printed Navy Blue TShirt
38982,Men,Apparel,Topwear,Shirts,Green,Summer,2012.0,Formal,Arrow Men Green Striped Shirt
36467,Men,Footwear,Shoes,Casual Shoes,Black,Spring,2013.0,Casual,Spinn Men Zoom Black Shoes
39001,Boys,Apparel,Topwear,Tshirts,Red,Summer,2012.0,Casual,Gini and Jony Boys Core Red T-shirt
15721,Men,Footwear,Shoes,Sports Shoes,Black,Fall,2011.0,Sports,Nike Men Air Pegasus+ 28 Black Sports Shoes
16054,Men,Apparel,Bottomwear,Trousers,Grey,Fall,2011.0,Casual,Highlander Men Solid Grey Trouser
12090,Women,Apparel,Topwear,Kurtas,Cream,Fall,2011.0,Ethnic,W Women Printed Cream Kurtas
52106,Women,Apparel,Topwear,Kurtas,Grey,Summer,2012.0,Ethnic,Myntra Women Grey Printed Kurta
5683,Men,Footwear,Shoes,Casual Shoes,Black,Winter,2015.0,Casual,Skechers Men's Triumphant Black Shoe
50148,Women,Footwear,Shoes,Heels,Black,Winter,2012.0,Casual,Rocia Women Black Flats
1849,Men,Apparel,Topwear,Tshirts,White,Summer,2011.0,Casual,Inkfruit Mens Unbreakable Mumbai T-shirt
15484,Women,Apparel,Bottomwear,Capris,Black,Fall,2011.0,Casual,Puma Women TP  Black Capris
9222,Unisex,Footwear,Shoes,Casual Shoes,White,Fall,2011.0,Casual,Puma Unisex Speeder SL Jr White Casual Shoes
5483,Men,Footwear,Shoes,Sports Shoes,Black,Summer,2011.0,Sports,Nike Men's Nike Streegato Black Shoe
18639,Men,Apparel,Topwear,Tshirts,Navy Blue,Fall,2011.0,Sports,Puma Men V.11 Cat Midnight Navy Tshirts
17757,Men,Footwear,Shoes,Casual Shoes,Brown,Winter,2012.0,Casual,Buckaroo Men New Gemma Brown Casual Shoe
34020,Boys,Apparel,Topwear,Tshirts,Orange,Summer,2012.0,Casual,Gini and Jony Boys Printed Orange T-shirt
58158,Women,Apparel,Topwear,Shrug,Maroon,Fall,2012.0,Casual,Latin Quarters Women Maroon Shrug
26638,Men,Footwear,Shoes,Casual Shoes,Red,Summer,2012.0,Casual,Puma Men Drift Red Casual Shoes
19852,Men,Apparel,Topwear,Shirts,Pink,Fall,2011.0,Casual,U.S. Polo Assn. Men Solid Pink Shirt
45400,Women,Footwear,Shoes,Flats,Maroon,Winter,2012.0,Casual,Rocia Women Maroon Sandals
11817,Men,Footwear,Shoes,Casual Shoes,White,Summer,2013.0,Casual,Playboy Men Casual White Casual Shoes
58326,Women,Footwear,Flip Flops,Flip Flops,White,Summer,2012.0,Casual,Lotto Women White Flip Flops
16136,Women,Apparel,Topwear,Tops,Blue,Fall,2011.0,Casual,Tokyo Talkies Women Printed Blue Top
32591,Women,Apparel,Bottomwear,Skirts,Pink,Summer,2012.0,Casual,ONLY Women Pink Skirt
17962,Men,Footwear,Sandal,Sandals,Black,Fall,2011.0,Casual,Puma Men Tango Black Slipper
52980,Women,Apparel,Saree,Sarees,Green,Fall,2012.0,Ethnic,FNF Printed Green Sari
19135,Men,Footwear,Sandal,Sandals,Black,Fall,2011.0,Casual,Lotto Men Riot Black Sandals
7376,Men,Footwear,Shoes,Casual Shoes,Grey,Winter,2018.0,Casual,Red Tape Men's Grey Casual Shoe
29172,Girls,Apparel,Bottomwear,Skirts,Pink,Summer,2012.0,Casual,United Colors of Benetton Kids Girls Printed Pink Skirt
9259,Men,Apparel,Topwear,Shirts,Blue,Fall,2011.0,Formal,Mark Taylor Men Blue Striped Shirt
25967,Women,Apparel,Topwear,Tops,Peach,Summer,2012.0,Casual,Femella Women Peach Top
54533,Men,Footwear,Shoes,Sports Shoes,Black,Fall,2012.0,Sports,F Sports Men Black Cyber Sports Shoes
44880,Men,Apparel,Topwear,Tshirts,Black,Summer,2012.0,Casual,Puma Men Black Jamaica Fun T-shirt
2605,Women,Apparel,Topwear,Tshirts,White,Fall,2010.0,Sports,ADIDAS Women's Icon White T-shirt
50850,Women,Apparel,Saree,Sarees,Black,Fall,2012.0,Ethnic,Prafful Black & Beige Sari
40320,Women,Footwear,Shoes,Casual Shoes,Black,Summer,2012.0,Casual,ADIDAS Women Black Adi Weld Shoes
38575,Men,Apparel,Bottomwear,Track Pants,Black,Summer,2012.0,Sports,Nike Men Breakline Black Track Pants
41959,Boys,Apparel,Topwear,Tshirts,Green,Summer,2012.0,Casual,Gini and Jony Boys Rugby Green T-shirt
31696,Women,Apparel,Topwear,Kurtas,Orange,Summer,2012.0,Ethnic,Folklore Women Printed Orange Kurta
12893,Men,Footwear,Shoes,Formal Shoes,Brown,Fall,2011.0,Formal,Hush Puppies Men Jungle Brown Formal Shoes
16030,Men,Apparel,Topwear,Shirts,Grey,Fall,2011.0,Casual,Highlander Men Check Grey Shirt
23155,Men,Apparel,Topwear,Tshirts,White,Fall,2011.0,Casual,Mark Taylor Men White Printed T-shirt
50031,Men,Apparel,Loungewear and Nightwear,Lounge Pants,Grey,Summer,2016.0,Casual,Hanes Men Grey Relaxed Sports Pants
30737,Men,Apparel,Topwear,Waistcoat,Red,Summer,2012.0,Ethnic,Fabindia Men Red Silk Sleeveless Waistcoat
35490,Men,Footwear,Shoes,Formal Shoes,Black,Summer,2012.0,Formal,Bata Men Remo Black Formal Shoes
14516,Men,Apparel,Topwear,Shirts,White,Fall,2011.0,Formal,Mark Taylor Men White & Green Striped Shirt
20016,Women,Apparel,Topwear,Tops,Pink,Summer,2012.0,Casual,United Colors of Benetton Women Printed Pink Top
47529,Women,Footwear,Shoes,Flats,Gold,Winter,2012.0,Casual,Portia Women Navy & Gold-Toned Sandals
23939,Men,Footwear,Shoes,Sports Shoes,White,Summer,2011.0,Sports,Lotto Men White Treviso Sports Shoes
38768,Girls,Apparel,Topwear,Tshirts,Blue,Summer,2012.0,Casual,Gini and Jony Girls Printed Blue T-shirt
30917,Women,Apparel,Bottomwear,Trousers,Black,Summer,2012.0,Ethnic,Fabindia Women Black Harem Pants
48360,Men,Apparel,Topwear,Shirts,Navy Blue,Summer,2012.0,Casual,French Connection Men Navy Blue & White Check Shirt
28603,Women,Footwear,Shoes,Sports Shoes,Black,Summer,2012.0,Sports,Nike Women Air Rift Black Sports Shoes
35446,Girls,Apparel,Topwear,Tops,Peach,Summer,2012.0,Casual,Doodle Girls Printed Peach Top
23934,Men,Footwear,Shoes,Casual Shoes,Black,Summer,2011.0,Casual,Lotto Men Black Skate Slip-On Casual Shoes
29692,Men,Apparel,Topwear,Shirts,White,Summer,2012.0,Formal,John Miller Men White Shirt
14764,Men,Apparel,Topwear,Shirts,White,Fall,2011.0,Formal,Arrow Men Stripes White Blue Shirts
47191,Men,Footwear,Shoes,Formal Shoes,Black,Summer,2012.0,Formal,Franco Leone Men Black Formal Shoes
35786,Women,Footwear,Shoes,Flats,Blue,Summer,2010.0,Casual,Enroute Women Bluish Grey Shoes
16404,Men,Apparel,Topwear,Shirts,Navy Blue,Fall,2011.0,Casual,Levis Men Check Navy Blue Shirts
26300,Men,Apparel,Topwear,Tshirts,Blue,Summer,2012.0,Casual,Proline Men Blue Striped Polo T-shirt
4357,Men,Apparel,Topwear,Tshirts,Green,Summer,2011.0,Casual,DC Comics Men's Green Lantern T-shirt
12001,Men,Apparel,Topwear,Shirts,Blue,Fall,2011.0,Formal,Mark Taylor Men Blue Striped Shirt
38794,Men,Apparel,Topwear,Tshirts,Red,Summer,2012.0,Casual,DC Comics Men Crew Red T-shirt
21225,Men,Apparel,Topwear,Tshirts,Grey,Summer,2012.0,Casual,Basics Men Grey Printed T-shirt
17675,Women,Footwear,Shoes,Flats,Turquoise Blue,Winter,2015.0,Casual,Catwalk Women Ballerina Turquoise Casual Shoe
57173,Women,Apparel,Topwear,Tops,Red,Summer,2012.0,Casual,Elle Women Red Top
10406,Women,Apparel,Dress,Dresses,Grey,Fall,2011.0,Casual,United Colors of Benetton Women Solid Grey Dresses
11465,Men,Apparel,Topwear,Shirts,Blue,Fall,2011.0,Casual,United Colors of Benetton Men Summer Blue Shirts
10428,Women,Apparel,Topwear,Tops,Black,Fall,2011.0,Casual,United Colors of Benetton Women Solid Black Tops
13812,Men,Apparel,Topwear,Sweaters,Navy Blue,Fall,2011.0,Casual,Proline Navy Striped Sweater
13045,Women,Footwear,Shoes,Flats,Maroon,Winter,2012.0,Casual,Inc 5 Women Casual Maroon Sandals
8160,Men,Apparel,Topwear,Shirts,White,Summer,2011.0,Casual,Highlander Men White Checked Hakon Slim Fit Shirt
58001,Women,Apparel,Dress,Dresses,Black,Fall,2012.0,Casual,Latin Quarters Women Black Printed Dress
34077,Men,Footwear,Shoes,Formal Shoes,Black,Fall,2012.0,Formal,Clarks Men Black Leather Formal Shoes
39136,Women,Apparel,Apparel Set,Kurta Sets,Blue,Summer,2012.0,Ethnic,Aneri Women Blue & White Printed Salwar Suit
10283,Men,Footwear,Sandal,Sandals,Black,Fall,2012.0,Casual,Clarks Men Unstructured Leather Black Sandals
20802,Men,Footwear,Shoes,Sports Shoes,White,Fall,2010.0,Sports,Fila Men Racer White Sports Shoes
54561,Women,Apparel,Topwear,Tunics,Green,Summer,2012.0,Casual,Global Desi Women Printed Green Tunic
5478,Men,Footwear,Shoes,Sports Shoes,White,Summer,2011.0,Sports,Nike Men's T-Lite Leather White Shoe
4240,Men,Apparel,Topwear,Tshirts,Green,Summer,2011.0,Casual,Probase Men's Musical figures Green T-shirt
28660,Men,Footwear,Shoes,Sports Shoes,Black,Summer,2012.0,Sports,Nike Men Lunareclipse Black Sports Shoes
15352,Men,Footwear,Shoes,Casual Shoes,Brown,Winter,2018.0,Casual,Red Tape Men Brown Shoes
57089,Women,Apparel,Bottomwear,Skirts,Navy Blue,Summer,2012.0,Casual,Elle Women Blue Skirt
48428,Men,Apparel,Topwear,Tshirts,Cream,Summer,2012.0,Casual,French Connection Men Cream Reverse Printed T-shirt
56946,Women,Footwear,Shoes,Heels,Gold,Winter,2012.0,Casual,HM Women Golden Heels
15497,Women,Footwear,Shoes,Heels,Black,Winter,2012.0,Formal,Carlton London Women Casual Black Heels
43318,Women,Apparel,Bottomwear,Jeans,Black,Summer,2012.0,Casual,United Colors of Benetton Women Black Jeans
51505,Women,Apparel,Bottomwear,Jeans,Blue,Summer,2012.0,Casual,Denizen Women Blue Jeans
27418,Women,Apparel,Bottomwear,Capris,Red,Winter,2015.0,Casual,Jockey Women Red Relaxed Capris
13630,Men,Apparel,Loungewear and Nightwear,Lounge Shorts,Black,Summer,2016.0,Casual,Hanes Men Knitted Black Shorts
30461,Men,Apparel,Topwear,Shirts,White,Fall,2012.0,Casual,John Miller Men White Shirt
43690,Boys,Apparel,Topwear,Tshirts,Red,Summer,2012.0,Casual,Doodle Boys Printed Red T-shirt
6673,Men,Footwear,Shoes,Sports Shoes,White,Summer,2011.0,Sports,Nike Men's Air Pegasus 27 White Grey Shoe
53405,Women,Apparel,Topwear,Kurtas,Cream,Fall,2012.0,Ethnic,Alma Women Printed Cream Kurta
42391,Women,Apparel,Topwear,Tshirts,White,Summer,2012.0,Casual,Flying Machine Women White Printed T-shirt
37528,Boys,Apparel,Topwear,Rompers,White,Summer,2012.0,Casual,Madagascar3 Infant Boys White Snapsuit Romper
26937,Women,Apparel,Topwear,Tshirts,White,Summer,2012.0,Casual,Jealous 21 Women Printed White T-shirt
16166,Men,Footwear,Shoes,Formal Shoes,Brown,Fall,2011.0,Formal,Enroute Men Leather Brown Formal Shoes
36284,Women,Apparel,Loungewear and Nightwear,Night suits,Pink,Summer,2017.0,Casual,SDL by Sweet Dreams Women Pink & Purple Night suits
18520,Women,Apparel,Topwear,Jackets,Black,Fall,2011.0,Casual,C Vox Women Solid 1354 Black Jacket
16463,Men,Apparel,Topwear,Shirts,Yellow,Fall,2011.0,Casual,Locomotive Men Check Yellow Shirt
26924,Women,Apparel,Topwear,Tops,Black,Summer,2012.0,Casual,Jealous 21 Women Black Top
17656,Women,Footwear,Shoes,Heels,Beige,Winter,2015.0,Casual,Catwalk Women Pumps Beige Peep Toes
31338,Men,Apparel,Bottomwear,Jeans,Blue,Summer,2012.0,Casual,Locomotive Men Washed Blue Jeans
53619,Unisex,Free Items,Free Gifts,Free Gifts,Blue,Winter,2016.0,Casual,Q&Q Unisex Blue Digital Watch
26326,Men,Footwear,Shoes,Sports Shoes,White,Spring,2013.0,Sports,ADIDAS Men Phantom White & Blue Sports Shoes
28500,Men,Apparel,Bottomwear,Track Pants,Grey,Summer,2012.0,Sports,Urban Yoga Men Grey Track Pants
30918,Women,Apparel,Bottomwear,Trousers,Beige,Summer,2012.0,Ethnic,Fabindia Women Beige Harem Pants
16921,Men,Apparel,Bottomwear,Jeans,Blue,Fall,2011.0,Casual,Spykar Men Washed Blue Jeans
5005,Women,Apparel,Bottomwear,Skirts,Red,Summer,2011.0,Casual,Gini and Jony Girl's Glinda Red Kidswear
4068,Men,Footwear,Shoes,Casual Shoes,Brown,Summer,2011.0,Casual,Crocs Men's Tideline Canvas Khaki Shoe
11285,Men,Apparel,Bottomwear,Jeans,Blue,Summer,2016.0,Casual,Wrangler Men Blue Texas Jeans
34219,Men,Apparel,Topwear,Tshirts,Sea Green,Summer,2013.0,Casual,Proline Sea Green Polo T-shirt
38503,Girls,Apparel,Bottomwear,Shorts,Blue,Summer,2012.0,Casual,Gini and Jony Girls Woven Blue Shorts
19367,Men,Footwear,Shoes,Casual Shoes,Tan,Winter,2018.0,Casual,Redtape Men Candy Tan Casual Shoes
35450,Girls,Apparel,Topwear,Tops,White,Summer,2012.0,Casual,Doodle Girls Printed White Top
10281,Men,Footwear,Shoes,Formal Shoes,Black,Fall,2012.0,Formal,Clarks Men Hang Spring Leather Black Formal Shoes
41467,Women,Footwear,Shoes,Flats,Brown,Spring,2013.0,Casual,Carlton London Women Brown Solid Suede Ballerinas
35430,Men,Footwear,Shoes,Sports Shoes,Blue,Summer,2012.0,Sports,ADIDAS Men Advent Blue Sports Shoes
5345,Men,Footwear,Shoes,Sports Shoes,Black,Fall,2011.0,Sports,Btwin Sport 5 Shoes
7487,Women,Apparel,Bottomwear,Track Pants,Black,Summer,2011.0,Sports,Nike Women Be Strong Black Track Pant
47027,Women,Apparel,Topwear,Kurtas,Purple,Fall,2012.0,Ethnic,Shree Women Blue Printed Kurta
2207,Men,Apparel,Topwear,Tshirts,Blue,Fall,2010.0,Sports,ADIDAS Men Stripe Blue T-shirt
26586,Men,Footwear,Shoes,Sports Shoes,White,Summer,2012.0,Sports,Puma Men Esito Vulc Cetto White Sports Shoes
57505,Men,Footwear,Sandal,Sandals,Black,Summer,2012.0,Casual,Lee Cooper Men Black  Sandals
5043,Men,Footwear,Shoes,Casual Shoes,White,Summer,2013.0,Casual,Fila Men's Sniper White Green Shoe
10818,Men,Apparel,Topwear,Shirts,Red,Fall,2011.0,Casual,Wrangler Men Urban Raiser Red Shirts
56978,Women,Footwear,Shoes,Flats,Black,Winter,2012.0,Casual,HM Women Black Sandals
44811,Women,Apparel,Topwear,Tops,Pink,Summer,2012.0,Casual,Spykar Women Pink Top
16226,Women,Apparel,Bottomwear,Capris,Grey,Fall,2011.0,Casual,Puma Women Capri Sweat Grey Capris
27164,Men,Apparel,Topwear,Shirts,Blue,Summer,2012.0,Formal,Mark Taylor Men Striped Blue Shirt
27105,Women,Apparel,Topwear,Kurtas,Lavender,Summer,2012.0,Ethnic,Aneri Women Shruti Lavender Kurta
12812,Men,Apparel,Bottomwear,Shorts,Black,Summer,2012.0,Sports,Nike Men Football/Soccer Black Shorts
33247,Men,Apparel,Topwear,Shirts,Grey,Summer,2012.0,Formal,Arrow Men Grey Check Shirt
22135,Men,Footwear,Shoes,Formal Shoes,Black,Fall,2011.0,Formal,Provogue Men Black Formal Shoes
49696,Men,Free Items,Free Gifts,Ties,Blue,Summer,2012.0,Formal,Park Avenue Blue Patterned Tie
13882,Men,Apparel,Topwear,Shirts,Purple,Fall,2011.0,Casual,Scullers Men Check Purple Shirts
35424,Men,Footwear,Shoes,Sports Shoes,White,Summer,2012.0,Sports,ADIDAS Men Dunkfest White Sports Shoes
4554,Men,Footwear,Shoes,Sports Shoes,White,Summer,2011.0,Sports,Nike Men's Total90 Shoot White Shoe
16169,Men,Footwear,Shoes,Formal Shoes,Black,Fall,2011.0,Formal,Enroute Men Leather Black Formal Shoes
26960,Women,Apparel,Topwear,Shirts,Purple,Summer,2012.0,Casual,Jealous 21 Women Purple Shirt
42666,Women,Apparel,Topwear,Kurtas,Green,Summer,2012.0,Ethnic,Alma Women Green Kurta
51860,Men,Apparel,Topwear,Shirts,Navy Blue,Fall,2012.0,Casual,Locomotive Men Navy Striped Shirt
35234,Men,Footwear,Shoes,Formal Shoes,Brown,Fall,2012.0,Formal,Fortune Men Brown Formal Shoes
12367,Men,Apparel,Topwear,Shirts,White,Fall,2011.0,Formal,Reid & Taylor Men White Shirt
26229,Men,Apparel,Topwear,Tshirts,Black,Summer,2012.0,Casual,Proline Men Striped Black & Grey Polo T-Shirt
39956,Men,Footwear,Flip Flops,Flip Flops,Yellow,Fall,2012.0,Casual,Gas Men Lagoon Yellow Flip Flops
20000,Men,Apparel,Topwear,Tshirts,White,Summer,2011.0,Casual,United Colors of Benetton Men White Solid T-shirt
7913,Men,Apparel,Topwear,Tshirts,Grey,Fall,2011.0,Casual,Proline Men Grey Polo T-shirt
2166,Men,Apparel,Topwear,Shirts,Blue,Summer,2011.0,Casual,Probase Men Check Orange Shirt
24163,Women,Apparel,Topwear,Kurtas,Navy Blue,Fall,2011.0,Ethnic,Aurelia Women Navy Blue Kurta
24104,Men,Footwear,Flip Flops,Flip Flops,Black,Fall,2012.0,Casual,Playboy Men Casual Black Flip Flops
34832,Men,Footwear,Shoes,Sports Shoes,White,Summer,2012.0,Sports,ADIDAS Men Sukoi White Sports Shoes
22896,Men,Footwear,Shoes,Formal Shoes,Black,Summer,2012.0,Formal,Woodland Men Black Formal Shoes
32175,Women,Footwear,Shoes,Sports Shoes,Black,Summer,2012.0,Sports,ADIDAS Women Core 50 Black Sports Shoes
32832,Women,Footwear,Shoes,Heels,Black,Winter,2012.0,Casual,iPanema Women Kirey Black Flats
16984,Men,Footwear,Sandal,Sandals,Black,Spring,2012.0,Casual,Puma Men Miami Black Slipper
34369,Men,Apparel,Topwear,Tshirts,Black,Summer,2012.0,Casual,Myntra Men Black Extreme-XXX-Diet T-shirt
55645,Women,Footwear,Shoes,Heels,Silver,Winter,2015.0,Casual,Catwalk Women Silver Heels
30611,Men,Apparel,Topwear,Jackets,Grey,Summer,2012.0,Sports,Nike Men Grey Jacket
18756,Women,Apparel,Topwear,Shirts,Blue,Fall,2011.0,Casual,Arrow Woman Kiro Blue Shirt
56691,Men,Apparel,Topwear,Kurtas,Red,Summer,2012.0,Ethnic,Fabindia Men Red Kurta
6023,Men,Apparel,Topwear,Tshirts,Green,Summer,2011.0,Casual,UCB Men's Johny Collar With Two Tone Green T-shirt
4050,Men,Apparel,Topwear,Tshirts,Black,Summer,2011.0,Casual,Myntra Men's Good Things Come Late Black T-shirt
15495,Women,Footwear,Shoes,Casual Shoes,Black,Fall,2011.0,Casual,Carlton London Women Casual Black Casual Shoes
22330,Men,Apparel,Topwear,Tshirts,White,Fall,2011.0,Casual,John Players Men Stripes White T-Shirt
15197,Men,Apparel,Topwear,Tshirts,Purple,Fall,2011.0,Casual,Arrow Sport Men Printed Purple Tshirts
18897,Women,Apparel,Dress,Dresses,Green,Fall,2011.0,Casual,Arrow Woman Solid Green Dress
47011,Women,Apparel,Topwear,Kurtas,Rust,Fall,2012.0,Ethnic,Shree Women Rust Printed Kurta
33234,Men,Apparel,Topwear,Shirts,Grey,Summer,2013.0,Formal,Arrow Men Auto Press Grey Shirt
17702,Unisex,Footwear,Shoes,Casual Shoes,Yellow,Fall,2011.0,Casual,Vans unisex Authentic Yellow Casual Shoes
1784,Men,Footwear,Shoes,Sports Shoes,White,Fall,2010.0,Sports,Lotto Men's Melbourne White-Red Shoe
58722,Men,Apparel,Topwear,Tshirts,White,Fall,2012.0,Casual,Puma Men Blue & White T-shirt
33096,Women,Footwear,Shoes,Heels,Black,Winter,2015.0,Casual,Catwalk Women Black Heels
4246,Men,Apparel,Topwear,Tshirts,Green,Summer,2011.0,Casual,Probase Men's I'M So Broke Green T-shirt
30797,Men,Apparel,Topwear,Shirts,Black,Summer,2012.0,Ethnic,Fabindia Men Hand Block Printed Black Shirt
3987,Men,Apparel,Topwear,Tshirts,Grey,Summer,2011.0,Casual,Mr.Men Men's Mischief Maker Grey T-shirt
8452,Women,Apparel,Topwear,Tops,Blue,Fall,2011.0,Casual,Jealous 21 Women Jealous Rain Blue Top Blue Tops
34361,Men,Apparel,Topwear,Tshirts,Blue,Summer,2012.0,Casual,Myntra Men Blue Do Bananas T-shirt
2163,Men,Apparel,Topwear,Shirts,Red,Summer,2011.0,Casual,Probase Men Stripe Red Shirt
9710,Men,Apparel,Topwear,Shirts,White,Fall,2011.0,Casual,Scullers Men Scul White Shirts
23975,Men,Apparel,Topwear,Shirts,Brown,Fall,2011.0,Formal,Peter England Men Brown Striped Shirt
2155,Men,Apparel,Topwear,Tshirts,Green,Spring,2011.0,Casual,Basics Men Green & Black Polo T-shirt
39895,Men,Footwear,Shoes,Sports Shoes,Navy Blue,Summer,2012.0,Sports,ADIDAS Men Navy Blue Corona Sports Shoes
48435,Men,Apparel,Topwear,Tshirts,Grey Melange,Summer,2012.0,Casual,French Connection Men Grey T-shirt
10575,Women,Apparel,Topwear,Tshirts,Pink,Fall,2011.0,Casual,Puma Women Ess Pink Polo Tshirts
59973,Women,Apparel,Dress,Dresses,Navy Blue,Fall,2012.0,Casual,Avirate Women Navy Blue Dress
19352,Men,Footwear,Shoes,Casual Shoes,Black,Summer,2012.0,Casual,Numero Uno Men Lifestyle Black Casual Shoes
12541,Women,Apparel,Topwear,Tshirts,White,Fall,2011.0,Casual,Tantra Women White Printed T-shirt
46400,Men,Apparel,Bottomwear,Shorts,Grey Melange,Summer,2012.0,Casual,ADIDAS Men Grey Shorts
57132,Women,Apparel,Topwear,Tops,Multi,Summer,2012.0,Casual,Elle Women Multi Coloured Top
28858,Men,Apparel,Topwear,Tshirts,Cream,Fall,2013.0,Casual,Proline Men Cream T-shirt
27295,Women,Apparel,Topwear,Kurtas,Pink,Fall,2011.0,Ethnic,Mother Earth Women Printed Pink Kurta
15690,Men,Apparel,Topwear,Shirts,White,Fall,2011.0,Formal,Black coffee Men Micheal White Slim Fit Shirt
39186,Women,Apparel,Topwear,Kurtas,Multi,Summer,2012.0,Ethnic,Aneri Women Multi Coloured Kurta
56898,Women,Footwear,Shoes,Heels,Gold,Winter,2012.0,Casual,HM Women Golden Heels
43044,Men,Apparel,Bottomwear,Shorts,Charcoal,Summer,2012.0,Casual,Nike Men Charcoal Grey Shorts
20267,Women,Footwear,Shoes,Heels,Black,Winter,2015.0,Casual,Catwalk Women Casual Black Heels
19798,Men,Apparel,Topwear,Tshirts,Grey,Fall,2011.0,Casual,U.S. Polo Assn. Men Striped Grey T-shirt
2208,Men,Footwear,Flip Flops,Flip Flops,Black,Fall,2011.0,Casual,Puma Mens Drifter Black Flip Flop
13245,Men,Apparel,Bottomwear,Shorts,Black,Fall,2011.0,Casual,Palm Tree Kids Boys Solid Black Shorts
59399,Women,Apparel,Topwear,Tops,Yellow,Fall,2012.0,Casual,Tokyo Talkies Women Yellow Top
17662,Women,Footwear,Shoes,Heels,Black,Winter,2015.0,Casual,Catwalk Women Buckel Black Heels
6434,Men,Footwear,Shoes,Casual Shoes,Brown,Summer,2011.0,Casual,Lotto Men's Canvas Khaki Shoe
52163,Women,Apparel,Topwear,Tops,Pink,Summer,2012.0,Casual,Femella Women Pink Top
3695,Men,Footwear,Shoes,Casual Shoes,White,Summer,2011.0,Casual,Lotto Men's Rio Velcro White Indigo Shoe
52476,Women,Apparel,Loungewear and Nightwear,Bath Robe,Blue,Winter,2015.0,Casual,Red Rose Women White & Blue Polka Dot Print Bath Robe
14352,Women,Footwear,Shoes,Flats,Blue,Winter,2015.0,Casual,Catwalk Women Blue Flats
11966,Unisex,Footwear,Shoes,Sports Shoes,Yellow,Spring,2012.0,Sports,Newfeel Unisex Sports Yellow Sports Shoes
56943,Women,Footwear,Shoes,Flats,Black,Winter,2012.0,Casual,HM Women Black Sandals
56866,Women,Footwear,Shoes,Heels,Brown,Winter,2012.0,Casual,HM Women Brown Flats
9934,Men,Apparel,Topwear,Tshirts,Red,Fall,2011.0,Casual,Basics Men Red T-shirt
10081,Men,Footwear,Shoes,Sports Shoes,White,Fall,2011.0,Sports,Reebok Men Zigdynamic White Sports Shoes
14331,Men,Footwear,Shoes,Sports Shoes,White,Fall,2011.0,Sports,Nike Men Lengo FG White Sports Shoes
18560,Women,Footwear,Shoes,Heels,Blue,Winter,2015.0,Casual,Catwalk Women Casual Blue Flats
24055,Men,Apparel,Topwear,Tshirts,Grey,Summer,2012.0,Casual,Locomotive Men Grey Striped T-shirt
58515,Women,Apparel,Topwear,Tops,White,Summer,2012.0,Casual,Tonga Women White Top
